"../../../Engine/Plugins/Interchange/Runtime/Content/Pipelines/DefaultTexturePipeline.uasset" 0
"../../../Engine/Plugins/Interchange/Runtime/Content/Pipelines/DefaultTexturePipeline.uexp" 1
"../../../Engine/Plugins/Interchange/Runtime/Content/Pipelines/DefaultSceneLevelPipeline.uasset" 2
"../../../Engine/Plugins/Interchange/Runtime/Content/Pipelines/DefaultSceneLevelPipeline.uexp" 3
"../../../Engine/Plugins/Interchange/Runtime/Content/Pipelines/DefaultSceneAssetsPipeline.uasset" 4
"../../../Engine/Plugins/Interchange/Runtime/Content/Pipelines/DefaultSceneAssetsPipeline.uexp" 5
"../../../Engine/Plugins/Interchange/Runtime/Content/Pipelines/DefaultMaterialXPipeline.uasset" 6
"../../../Engine/Plugins/Interchange/Runtime/Content/Pipelines/DefaultMaterialXPipeline.uexp" 7
"../../../Engine/Plugins/Interchange/Runtime/Content/Pipelines/DefaultMaterialPipeline.uasset" 8
"../../../Engine/Plugins/Interchange/Runtime/Content/Pipelines/DefaultMaterialPipeline.uexp" 9
"../../../Engine/Plugins/Interchange/Runtime/Content/Pipelines/DefaultGLTFSceneAssetsPipeline.uasset" 10
"../../../Engine/Plugins/Interchange/Runtime/Content/Pipelines/DefaultGLTFSceneAssetsPipeline.uexp" 11
"../../../Engine/Plugins/Interchange/Runtime/Content/Pipelines/DefaultGLTFPipeline.uasset" 12
"../../../Engine/Plugins/Interchange/Runtime/Content/Pipelines/DefaultGLTFPipeline.uexp" 13
"../../../Engine/Plugins/Interchange/Runtime/Content/Pipelines/DefaultGLTFAssetsPipeline.uasset" 14
"../../../Engine/Plugins/Interchange/Runtime/Content/Pipelines/DefaultGLTFAssetsPipeline.uexp" 15
"../../../Engine/Plugins/Interchange/Runtime/Content/Pipelines/DefaultAssetsPipeline.uasset" 16
"../../../Engine/Plugins/Interchange/Runtime/Content/Pipelines/DefaultAssetsPipeline.uexp" 17
"../../../Engine/Plugins/Animation/ControlRig/Content/Controls/DefaultGizmoLibraryNormalized.uasset" 18
"../../../Engine/Plugins/Animation/ControlRig/Content/Controls/DefaultGizmoLibraryNormalized.uexp" 19
"../../../Engine/Plugins/Animation/ACLPlugin/Content/ACLAnimCurveCompressionSettings.uasset" 20
"../../../Engine/Plugins/Animation/ACLPlugin/Content/ACLAnimCurveCompressionSettings.uexp" 21
"../../../Engine/Plugins/Animation/ACLPlugin/Content/ACLAnimBoneCompressionSettings.uasset" 22
"../../../Engine/Plugins/Animation/ACLPlugin/Content/ACLAnimBoneCompressionSettings.uexp" 23
"../../../Engine/Plugins/2D/Paper2D/Content/PlaceholderTextures/DummySpriteTexture.ubulk" 24
"../../../Engine/Plugins/2D/Paper2D/Content/PlaceholderTextures/DummySpriteTexture.uasset" 25
"../../../Engine/Plugins/2D/Paper2D/Content/PlaceholderTextures/DummySpriteTexture.uexp" 26
"../../../Engine/Plugins/2D/Paper2D/Content/DummySprite.uasset" 27
"../../../Engine/Plugins/2D/Paper2D/Content/DummySprite.uexp" 28
"../../../Engine/Plugins/2D/Paper2D/Content/DefaultPaperTerrainMaterial.uasset" 29
"../../../Engine/Plugins/2D/Paper2D/Content/DefaultPaperTerrainMaterial.uexp" 30
"../../../Engine/Content/EngineSounds/Master.uasset" 31
"../../../Engine/Content/EngineSounds/Master.uexp" 32
"../../../Engine/Content/EngineMaterials/DefaultDestructiblePhysicalMaterial.uasset" 33
"../../../Engine/Content/EngineMaterials/DefaultDestructiblePhysicalMaterial.uexp" 34
"../../../Engine/Content/EngineFonts/Faces/RobotoLight.uexp" 35
"../../../Engine/Content/EngineFonts/Faces/RobotoLight.uasset" 36
"../../../Engine/Content/EngineFonts/Faces/RobotoLight.ufont" 37
"../../../Engine/Content/EngineFonts/Faces/RobotoBold.uexp" 38
"../../../Engine/Content/EngineFonts/Faces/RobotoBold.uasset" 39
"../../../Engine/Content/EngineFonts/Faces/RobotoBold.ufont" 40
"../../../Engine/Content/EngineFonts/Faces/RobotoRegular.uexp" 41
"../../../Engine/Content/EngineFonts/Faces/RobotoRegular.uasset" 42
"../../../Engine/Content/EngineFonts/Faces/RobotoRegular.ufont" 43
"../../../Engine/Content/EngineFonts/Faces/DroidSansFallback.uexp" 44
"../../../Engine/Content/EngineFonts/Faces/DroidSansFallback.uasset" 45
"../../../Engine/Content/EngineFonts/Faces/DroidSansFallback.ufont" 46
"../../../Engine/Content/EngineFonts/Faces/RobotoItalic.uexp" 47
"../../../Engine/Content/EngineFonts/Faces/RobotoItalic.uasset" 48
"../../../Engine/Content/EngineFonts/Faces/RobotoItalic.ufont" 49
"../../../Engine/Content/EngineFonts/Faces/RobotoBoldItalic.uexp" 50
"../../../Engine/Content/EngineFonts/Faces/RobotoBoldItalic.uasset" 51
"../../../Engine/Content/EngineFonts/Faces/RobotoBoldItalic.ufont" 52
"../../../Engine/Content/EngineFonts/Roboto.uasset" 53
"../../../Engine/Content/EngineFonts/Roboto.uexp" 54
"../../../Engine/Content/Animation/DefaultVariableFrameStrippingSettings.uasset" 55
"../../../Engine/Content/Animation/DefaultVariableFrameStrippingSettings.uexp" 56
"../../../Engine/Content/Animation/DefaultRecorderBoneCompression.uasset" 57
"../../../Engine/Content/Animation/DefaultRecorderBoneCompression.uexp" 58
"../../../Engine/Content/MobileResources/HUD/VirtualJoystick_Background.uasset" 59
"../../../Engine/Content/MobileResources/HUD/VirtualJoystick_Background.uexp" 60
"../../../Engine/Content/MobileResources/HUD/VirtualJoystick_Thumb.uasset" 61
"../../../Engine/Content/MobileResources/HUD/VirtualJoystick_Thumb.uexp" 62
"../../../Engine/Content/MobileResources/HUD/DefaultVirtualJoysticks.uasset" 63
"../../../Engine/Content/MobileResources/HUD/DefaultVirtualJoysticks.uexp" 64
"../../../Engine/Content/EditorResources/S_Actor.ubulk" 65
"../../../Engine/Content/EditorResources/S_Actor.uasset" 66
"../../../Engine/Content/EditorResources/S_Actor.uexp" 67
"../../../Engine/Content/EditorResources/S_BoxReflectionCapture.uasset" 68
"../../../Engine/Content/EditorResources/S_BoxReflectionCapture.uexp" 69
"../../../Engine/Content/EngineResources/DefaultTexture.ubulk" 70
"../../../Engine/Content/EngineResources/DefaultTexture.uasset" 71
"../../../Engine/Content/EngineResources/DefaultTexture.uexp" 72
"../../../Engine/Content/EngineResources/DefaultTextureCube.uasset" 73
"../../../Engine/Content/EngineResources/DefaultTextureCube.uexp" 74
"../../../Engine/Content/EngineResources/DefaultVolumeTexture2D.uasset" 75
"../../../Engine/Content/EngineResources/DefaultVolumeTexture2D.uexp" 76
"../../../Engine/Content/EngineResources/DefaultVolumeTexture.uasset" 77
"../../../Engine/Content/EngineResources/DefaultVolumeTexture.uexp" 78
"../../../Engine/Plugins/Runtime/MeshModelingToolset/Content/Materials/M_DynamicMeshComponentVtxColor.uasset" 79
"../../../Engine/Plugins/Runtime/MeshModelingToolset/Content/Materials/M_DynamicMeshComponentVtxColor.uexp" 80
"../../../Engine/Plugins/Runtime/HairStrands/Content/Materials/HairMeshesDefaultMaterial.uasset" 81
"../../../Engine/Plugins/Runtime/HairStrands/Content/Materials/HairMeshesDefaultMaterial.uexp" 82
"../../../Engine/Plugins/Runtime/HairStrands/Content/Materials/HairDefaultMaterial.uasset" 83
"../../../Engine/Plugins/Runtime/HairStrands/Content/Materials/HairDefaultMaterial.uexp" 84
"../../../Engine/Plugins/Runtime/HairStrands/Content/Materials/HairGroupColors.uasset" 85
"../../../Engine/Plugins/Runtime/HairStrands/Content/Materials/HairGroupColors.uexp" 86
"../../../Engine/Content/Functions/Engine_MaterialFunctions02/Utility/MakeFloat2.uasset" 87
"../../../Engine/Content/Functions/Engine_MaterialFunctions02/Utility/MakeFloat2.uexp" 88
"../../../Engine/Content/Functions/Engine_MaterialFunctions02/Utility/MakeFloat3.uasset" 89
"../../../Engine/Content/Functions/Engine_MaterialFunctions02/Utility/MakeFloat3.uexp" 90
"../../../Engine/Content/EngineMaterials/HairColorMap.uasset" 91
"../../../Engine/Content/EngineMaterials/HairColorMap.uexp" 92
"../../../Engine/Content/EngineMaterials/HairDebugColor.uasset" 93
"../../../Engine/Content/EngineMaterials/HairDebugColor.uexp" 94
"../../../Engine/Plugins/Runtime/HairStrands/Content/Materials/HairDebugMaterial.uasset" 95
"../../../Engine/Plugins/Runtime/HairStrands/Content/Materials/HairDebugMaterial.uexp" 96
"../../../Engine/Plugins/Runtime/HairStrands/Content/Materials/HairCardsDefaultMaterial.uasset" 97
"../../../Engine/Plugins/Runtime/HairStrands/Content/Materials/HairCardsDefaultMaterial.uexp" 98
"../../../Engine/Plugins/Runtime/AudioWidgets/Content/Resources/ScrubHandleDown_Clamped.uasset" 99
"../../../Engine/Plugins/Runtime/AudioWidgets/Content/Resources/ScrubHandleDown_Clamped.uexp" 100
"../../../Engine/Plugins/Interchange/Assets/Content/Functions/MX_UsdPreviewSurface.uasset" 101
"../../../Engine/Plugins/Interchange/Assets/Content/Functions/MX_UsdPreviewSurface.uexp" 102
"../../../Engine/Plugins/Interchange/Assets/Content/Functions/MX_UniformEDF.uasset" 103
"../../../Engine/Plugins/Interchange/Assets/Content/Functions/MX_UniformEDF.uexp" 104
"../../../Engine/Plugins/Interchange/Assets/Content/Functions/MX_TranslucentBSDF.uasset" 105
"../../../Engine/Plugins/Interchange/Assets/Content/Functions/MX_TranslucentBSDF.uexp" 106
"../../../Engine/Plugins/Interchange/Assets/Content/Functions/MX_ThinFilmBSDF.uasset" 107
"../../../Engine/Plugins/Interchange/Assets/Content/Functions/MX_ThinFilmBSDF.uexp" 108
"../../../Engine/Plugins/Interchange/Assets/Content/Functions/MX_SurfaceUnlit.uasset" 109
"../../../Engine/Plugins/Interchange/Assets/Content/Functions/MX_SurfaceUnlit.uexp" 110
"../../../Engine/Plugins/Interchange/Assets/Content/Functions/MX_Surface.uasset" 111
"../../../Engine/Plugins/Interchange/Assets/Content/Functions/MX_Surface.uexp" 112
"../../../Engine/Plugins/Interchange/Assets/Content/Functions/MX_SubsurfaceBSDF.uasset" 113
"../../../Engine/Plugins/Interchange/Assets/Content/Functions/MX_SubsurfaceBSDF.uexp" 114
"../../../Engine/Plugins/Interchange/Assets/Content/Functions/MX_SheenBSDF.uasset" 115
"../../../Engine/Plugins/Interchange/Assets/Content/Functions/MX_SheenBSDF.uexp" 116
"../../../Engine/Plugins/Interchange/Assets/Content/Functions/MX_OrenNayarBSDF.uasset" 117
"../../../Engine/Plugins/Interchange/Assets/Content/Functions/MX_OrenNayarBSDF.uexp" 118
"../../../Engine/Plugins/Interchange/Assets/Content/Utilities/New_LUT.uasset" 119
"../../../Engine/Plugins/Interchange/Assets/Content/Utilities/New_LUT.uexp" 120
"../../../Engine/Content/Functions/Engine_MaterialFunctions03/Math/RemapValueRange.uasset" 121
"../../../Engine/Content/Functions/Engine_MaterialFunctions03/Math/RemapValueRange.uexp" 122
"../../../Engine/Plugins/Interchange/Assets/Content/Functions/MF_Iridescence.uasset" 123
"../../../Engine/Plugins/Interchange/Assets/Content/Functions/MF_Iridescence.uexp" 124
"../../../Engine/Plugins/Interchange/Assets/Content/Functions/MX_StandardSurface.uasset" 125
"../../../Engine/Plugins/Interchange/Assets/Content/Functions/MX_StandardSurface.uexp" 126
"../../../Engine/Plugins/Interchange/Assets/Content/Functions/MX_TransmissionSurface.uasset" 127
"../../../Engine/Plugins/Interchange/Assets/Content/Functions/MX_TransmissionSurface.uexp" 128
"../../../Engine/Plugins/Interchange/Assets/Content/Functions/MX_OpenPBR_Translucent.uasset" 129
"../../../Engine/Plugins/Interchange/Assets/Content/Functions/MX_OpenPBR_Translucent.uexp" 130
"../../../Engine/Plugins/Interchange/Assets/Content/Functions/MX_OpenPBR_Opaque.uasset" 131
"../../../Engine/Plugins/Interchange/Assets/Content/Functions/MX_OpenPBR_Opaque.uexp" 132
"../../../Engine/Plugins/Interchange/Assets/Content/Functions/MX_MeasuredEDF.uasset" 133
"../../../Engine/Plugins/Interchange/Assets/Content/Functions/MX_MeasuredEDF.uexp" 134
"../../../Engine/Plugins/Interchange/Assets/Content/Functions/MX_GeneralizedSchlickBSDF.uasset" 135
"../../../Engine/Plugins/Interchange/Assets/Content/Functions/MX_GeneralizedSchlickBSDF.uexp" 136
"../../../Engine/Plugins/Interchange/Assets/Content/Functions/MX_DielectricBSDF.uasset" 137
"../../../Engine/Plugins/Interchange/Assets/Content/Functions/MX_DielectricBSDF.uexp" 138
"../../../Engine/Plugins/Interchange/Assets/Content/Functions/MX_ConicalEDF.uasset" 139
"../../../Engine/Plugins/Interchange/Assets/Content/Functions/MX_ConicalEDF.uexp" 140
"../../../Engine/Plugins/Interchange/Assets/Content/Functions/MX_ConductorBSDF.uasset" 141
"../../../Engine/Plugins/Interchange/Assets/Content/Functions/MX_ConductorBSDF.uexp" 142
"../../../Engine/Plugins/Interchange/Assets/Content/Functions/MX_BurleyDiffuseBSDF.uasset" 143
"../../../Engine/Plugins/Interchange/Assets/Content/Functions/MX_BurleyDiffuseBSDF.uexp" 144
"../../../Engine/Plugins/Interchange/Assets/Content/Functions/MX_AnisotropicVDF.uasset" 145
"../../../Engine/Plugins/Interchange/Assets/Content/Functions/MX_AnisotropicVDF.uexp" 146
"../../../Engine/Plugins/Interchange/Assets/Content/Functions/MX_AbsorptionVDF.uasset" 147
"../../../Engine/Plugins/Interchange/Assets/Content/Functions/MX_AbsorptionVDF.uexp" 148
"../../../Engine/Plugins/Editor/SpeedTreeImporter/Content/SpeedTree9/game_wind_noise.ubulk" 149
"../../../Engine/Plugins/Editor/SpeedTreeImporter/Content/SpeedTree9/game_wind_noise.uasset" 150
"../../../Engine/Plugins/Editor/SpeedTreeImporter/Content/SpeedTree9/game_wind_noise.uexp" 151
"../../../Engine/Plugins/Editor/SpeedTreeImporter/Content/SpeedTree9/UnpackDirection.uasset" 152
"../../../Engine/Plugins/Editor/SpeedTreeImporter/Content/SpeedTree9/UnpackDirection.uexp" 153
"../../../Engine/Content/Functions/Engine_MaterialFunctions02/ObjectLocalBounds.uasset" 154
"../../../Engine/Content/Functions/Engine_MaterialFunctions02/ObjectLocalBounds.uexp" 155
"../../../Engine/Content/Functions/Engine_MaterialFunctions02/Utility/BreakOutFloat3Components.uasset" 156
"../../../Engine/Content/Functions/Engine_MaterialFunctions02/Utility/BreakOutFloat3Components.uexp" 157
"../../../Engine/Content/Functions/Engine_MaterialFunctions02/UVs/BoundingBoxBased_0-1_UVW.uasset" 158
"../../../Engine/Content/Functions/Engine_MaterialFunctions02/UVs/BoundingBoxBased_0-1_UVW.uexp" 159
"../../../Engine/Content/Functions/Engine_MaterialFunctions02/Utility/VectorLength.uasset" 160
"../../../Engine/Content/Functions/Engine_MaterialFunctions02/Utility/VectorLength.uexp" 161
"../../../Engine/Plugins/Editor/SpeedTreeImporter/Content/SpeedTree9/UnpackInteger3.uasset" 162
"../../../Engine/Plugins/Editor/SpeedTreeImporter/Content/SpeedTree9/UnpackInteger3.uexp" 163
"../../../Engine/Plugins/Editor/SpeedTreeImporter/Content/SpeedTree9/SpeedTreeCameraFacing.uasset" 164
"../../../Engine/Plugins/Editor/SpeedTreeImporter/Content/SpeedTree9/SpeedTreeCameraFacing.uexp" 165
"../../../Engine/Content/Functions/Engine_MaterialFunctions02/WorldPositionOffset/ObjectScale.uasset" 166
"../../../Engine/Content/Functions/Engine_MaterialFunctions02/WorldPositionOffset/ObjectScale.uexp" 167
"../../../Engine/Content/Functions/Engine_MaterialFunctions02/SafeNormalize.uasset" 168
"../../../Engine/Content/Functions/Engine_MaterialFunctions02/SafeNormalize.uexp" 169
"../../../Engine/Plugins/Editor/SpeedTreeImporter/Content/SpeedTree9/SpeedTreeWindMotion.uasset" 170
"../../../Engine/Plugins/Editor/SpeedTreeImporter/Content/SpeedTree9/SpeedTreeWindMotion.uexp" 171
"../../../Engine/Plugins/Editor/SpeedTreeImporter/Content/SpeedTree9/SpeedTreeBranchMotion.uasset" 172
"../../../Engine/Plugins/Editor/SpeedTreeImporter/Content/SpeedTree9/SpeedTreeBranchMotion.uexp" 173
"../../../Engine/Plugins/Editor/SpeedTreeImporter/Content/SpeedTree9/SpeedTreeWind.uasset" 174
"../../../Engine/Plugins/Editor/SpeedTreeImporter/Content/SpeedTree9/SpeedTreeWind.uexp" 175
"../../../Engine/Plugins/Editor/SpeedTreeImporter/Content/SpeedTree9/EmptyNormal.uasset" 176
"../../../Engine/Plugins/Editor/SpeedTreeImporter/Content/SpeedTree9/EmptyNormal.uexp" 177
"../../../Engine/Plugins/Editor/SpeedTreeImporter/Content/SpeedTree9/Empty.uasset" 178
"../../../Engine/Plugins/Editor/SpeedTreeImporter/Content/SpeedTree9/Empty.uexp" 179
"../../../Engine/Plugins/Editor/SpeedTreeImporter/Content/SpeedTree9/SpeedTreeMaster.uasset" 180
"../../../Engine/Plugins/Editor/SpeedTreeImporter/Content/SpeedTree9/SpeedTreeMaster.uexp" 181
"../../../Engine/Plugins/Editor/SpeedTreeImporter/Content/SpeedTree9/SpeedTreeBillboard.uasset" 182
"../../../Engine/Plugins/Editor/SpeedTreeImporter/Content/SpeedTree9/SpeedTreeBillboard.uexp" 183
"../../../Engine/Plugins/Editor/SpeedTreeImporter/Content/SpeedTree9/SpeedTreeBillboardMaster.uasset" 184
"../../../Engine/Plugins/Editor/SpeedTreeImporter/Content/SpeedTree9/SpeedTreeBillboardMaster.uexp" 185
"../../../Engine/Content/Functions/Engine_MaterialFunctions02/WorldPositionOffset/CameraOffset.uasset" 186
"../../../Engine/Content/Functions/Engine_MaterialFunctions02/WorldPositionOffset/CameraOffset.uexp" 187
"../../../Engine/Plugins/Animation/ControlRig/Content/M_Manip.uasset" 188
"../../../Engine/Plugins/Animation/ControlRig/Content/M_Manip.uexp" 189
"../../../Engine/Plugins/Animation/ControlRig/Content/Controls/ControlRigXRayMaterial.uasset" 190
"../../../Engine/Plugins/Animation/ControlRig/Content/Controls/ControlRigXRayMaterial.uexp" 191
"../../../Engine/Plugins/Animation/ControlRig/Content/Controls/ControlRigGizmoMaterial.uasset" 192
"../../../Engine/Plugins/Animation/ControlRig/Content/Controls/ControlRigGizmoMaterial.uexp" 193
"../../../Engine/Content/EngineResources/GradientTexture0.uasset" 194
"../../../Engine/Content/EngineResources/GradientTexture0.uexp" 195
"../../../Engine/Content/EngineResources/Black.uasset" 196
"../../../Engine/Content/EngineResources/Black.uexp" 197
"../../../Engine/Content/EngineMaterials/RemoveSurfaceMaterial.uasset" 198
"../../../Engine/Content/EngineMaterials/RemoveSurfaceMaterial.uexp" 199
"../../../Engine/Content/EngineMaterials/PreintegratedSkinBRDF.uasset" 200
"../../../Engine/Content/EngineMaterials/PreintegratedSkinBRDF.uexp" 201
"../../../Engine/Content/EngineMaterials/DefaultCalibrationGrayscale.uasset" 202
"../../../Engine/Content/EngineMaterials/DefaultCalibrationGrayscale.uexp" 203
"../../../Engine/Content/EngineMaterials/PPM_DefaultCalibrationGrayscale.uasset" 204
"../../../Engine/Content/EngineMaterials/PPM_DefaultCalibrationGrayscale.uexp" 205
"../../../Engine/Content/EngineMaterials/DefaultCalibrationColor.uasset" 206
"../../../Engine/Content/EngineMaterials/DefaultCalibrationColor.uexp" 207
"../../../Engine/Content/EngineMaterials/PPM_DefaultCalibrationColor.uasset" 208
"../../../Engine/Content/EngineMaterials/PPM_DefaultCalibrationColor.uexp" 209
"../../../Engine/Content/EngineMaterials/PhAT_JointLimitMaterial.uasset" 210
"../../../Engine/Content/EngineMaterials/PhAT_JointLimitMaterial.uexp" 211
"../../../Engine/Content/EngineMaterials/NaniteHiddenSectionMaterial.uasset" 212
"../../../Engine/Content/EngineMaterials/NaniteHiddenSectionMaterial.uexp" 213
"../../../Engine/Content/EngineMaterials/InvalidLightmapSettings.ubulk" 214
"../../../Engine/Content/EngineMaterials/InvalidLightmapSettings.uasset" 215
"../../../Engine/Content/EngineMaterials/InvalidLightmapSettings.uexp" 216
"../../../Engine/Content/EngineMaterials/M_InvalidLightmapSettings.uasset" 217
"../../../Engine/Content/EngineMaterials/M_InvalidLightmapSettings.uexp" 218
"../../../Engine/Content/EngineMaterials/MiniFont.uasset" 219
"../../../Engine/Content/EngineMaterials/MiniFont.uexp" 220
"../../../Engine/Content/EngineMaterials/GizmoMaterial.uasset" 221
"../../../Engine/Content/EngineMaterials/GizmoMaterial.uexp" 222
"../../../Engine/Content/EngineMaterials/BaseFlattenEmissiveMap_VT.uasset" 223
"../../../Engine/Content/EngineMaterials/BaseFlattenEmissiveMap_VT.uexp" 224
"../../../Engine/Content/EngineMaterials/BaseFlattenGrayscaleMap_VT.uasset" 225
"../../../Engine/Content/EngineMaterials/BaseFlattenGrayscaleMap_VT.uexp" 226
"../../../Engine/Content/EngineMaterials/BaseFlattenLinearColor_VT.uasset" 227
"../../../Engine/Content/EngineMaterials/BaseFlattenLinearColor_VT.uexp" 228
"../../../Engine/Content/EngineMaterials/Black_1x1_EXR_Texture_VT.uasset" 229
"../../../Engine/Content/EngineMaterials/Black_1x1_EXR_Texture_VT.uexp" 230
"../../../Engine/Content/EngineMaterials/BaseFlattenDiffuseMap_VT.uasset" 231
"../../../Engine/Content/EngineMaterials/BaseFlattenDiffuseMap_VT.uexp" 232
"../../../Engine/Content/EngineMaterials/BaseFlattenNormalMap_VT.uasset" 233
"../../../Engine/Content/EngineMaterials/BaseFlattenNormalMap_VT.uexp" 234
"../../../Engine/Content/EngineMaterials/FlattenMaterial_WS_Normal_VT.uasset" 235
"../../../Engine/Content/EngineMaterials/FlattenMaterial_WS_Normal_VT.uexp" 236
"../../../Engine/Content/EngineMaterials/FlattenMaterial_VT.uasset" 237
"../../../Engine/Content/EngineMaterials/FlattenMaterial_VT.uexp" 238
"../../../Engine/Content/EngineMaterials/BaseFlattenNormalMap.uasset" 239
"../../../Engine/Content/EngineMaterials/BaseFlattenNormalMap.uexp" 240
"../../../Engine/Content/EngineMaterials/BaseFlattenGrayscaleMap.uasset" 241
"../../../Engine/Content/EngineMaterials/BaseFlattenGrayscaleMap.uexp" 242
"../../../Engine/Content/EngineMaterials/BaseFlattenDiffuseMap.uasset" 243
"../../../Engine/Content/EngineMaterials/BaseFlattenDiffuseMap.uexp" 244
"../../../Engine/Content/Functions/Engine_MaterialFunctions02/PivotPainter2/Black_1x1_EXR_Texture.uasset" 245
"../../../Engine/Content/Functions/Engine_MaterialFunctions02/PivotPainter2/Black_1x1_EXR_Texture.uexp" 246
"../../../Engine/Content/EngineMaterials/BaseFlattenEmissiveMap.uasset" 247
"../../../Engine/Content/EngineMaterials/BaseFlattenEmissiveMap.uexp" 248
"../../../Engine/Content/EngineMaterials/BaseFlattenLinearColor.uasset" 249
"../../../Engine/Content/EngineMaterials/BaseFlattenLinearColor.uexp" 250
"../../../Engine/Content/EngineMaterials/FlattenMaterial.uasset" 251
"../../../Engine/Content/EngineMaterials/FlattenMaterial.uexp" 252
"../../../Engine/Content/EngineMaterials/FastBlueNoise_vec2_128x128x64.uasset" 253
"../../../Engine/Content/EngineMaterials/FastBlueNoise_vec2_128x128x64.uexp" 254
"../../../Engine/Content/EngineMaterials/FastBlueNoise_scalar_128x128x64.uasset" 255
"../../../Engine/Content/EngineMaterials/FastBlueNoise_scalar_128x128x64.uexp" 256
"../../../Engine/Content/EngineMaterials/DefaultWhiteGrid_Low.uasset" 257
"../../../Engine/Content/EngineMaterials/DefaultWhiteGrid_Low.uexp" 258
"../../../Engine/Content/EngineMaterials/EmissiveMeshMaterial.uasset" 259
"../../../Engine/Content/EngineMaterials/EmissiveMeshMaterial.uexp" 260
"../../../Engine/Content/EngineMaterials/DefaultWhiteGrid.ubulk" 261
"../../../Engine/Content/EngineMaterials/DefaultWhiteGrid.uasset" 262
"../../../Engine/Content/EngineMaterials/DefaultWhiteGrid.uexp" 263
"../../../Engine/Content/EngineFonts/RobotoDistanceField.uasset" 264
"../../../Engine/Content/EngineFonts/RobotoDistanceField.uexp" 265
"../../../Engine/Content/EngineMaterials/DefaultTextMaterialOpaque.uasset" 266
"../../../Engine/Content/EngineMaterials/DefaultTextMaterialOpaque.uexp" 267
"../../../Engine/Content/EngineMaterials/DefaultDiffuse.ubulk" 268
"../../../Engine/Content/EngineMaterials/DefaultDiffuse.uasset" 269
"../../../Engine/Content/EngineMaterials/DefaultDiffuse.uexp" 270
"../../../Engine/Content/Functions/Engine_MaterialFunctions02/Utility/BreakOutFloat2Components.uasset" 271
"../../../Engine/Content/Functions/Engine_MaterialFunctions02/Utility/BreakOutFloat2Components.uexp" 272
"../../../Engine/Content/EngineMaterials/DefaultPostProcessMaterial.uasset" 273
"../../../Engine/Content/EngineMaterials/DefaultPostProcessMaterial.uexp" 274
"../../../Engine/Content/EngineMaterials/DefaultLightFunctionMaterial.uasset" 275
"../../../Engine/Content/EngineMaterials/DefaultLightFunctionMaterial.uexp" 276
"../../../Engine/Content/EngineMaterials/DefaultDeferredDecalMaterial.uasset" 277
"../../../Engine/Content/EngineMaterials/DefaultDeferredDecalMaterial.uexp" 278
"../../../Engine/Content/EngineMaterials/DefaultBokeh.uasset" 279
"../../../Engine/Content/EngineMaterials/DefaultBokeh.uexp" 280
"../../../Engine/Content/EngineMaterials/DefaultBloomKernel.uasset" 281
"../../../Engine/Content/EngineMaterials/DefaultBloomKernel.uexp" 282
"../../../Engine/Content/Functions/Engine_MaterialFunctions02/Utility/CameraDirectionVector.uasset" 283
"../../../Engine/Content/Functions/Engine_MaterialFunctions02/Utility/CameraDirectionVector.uexp" 284
"../../../Engine/Content/EngineDebugMaterials/VolumeToRender.uasset" 285
"../../../Engine/Content/EngineDebugMaterials/VolumeToRender.uexp" 286
"../../../Engine/Content/EngineDebugMaterials/M_VolumeRenderSphereTracePP.uasset" 287
"../../../Engine/Content/EngineDebugMaterials/M_VolumeRenderSphereTracePP.uexp" 288
"../../../Engine/Content/EngineDebugMaterials/M_SimpleUnlitTranslucent.uasset" 289
"../../../Engine/Content/EngineDebugMaterials/M_SimpleUnlitTranslucent.uexp" 290
"../../../Engine/Content/EngineDebugMaterials/DebugMeshMaterial.uasset" 291
"../../../Engine/Content/EngineDebugMaterials/DebugMeshMaterial.uexp" 292
"../../../Engine/Content/EngineDebugMaterials/DebugEditorMaterial.uasset" 293
"../../../Engine/Content/EngineDebugMaterials/DebugEditorMaterial.uexp" 294
"../../../Engine/Content/EngineDamageTypes/DmgTypeBP_Environmental.uasset" 295
"../../../Engine/Content/EngineDamageTypes/DmgTypeBP_Environmental.uexp" 296
"../../../Engine/Content/EditorResources/S_TriggerSphere.uasset" 297
"../../../Engine/Content/EditorResources/S_TriggerSphere.uexp" 298
"../../../Engine/Content/EditorResources/S_TriggerCapsule.uasset" 299
"../../../Engine/Content/EditorResources/S_TriggerCapsule.uexp" 300
"../../../Engine/Content/EditorResources/S_TriggerBox.uasset" 301
"../../../Engine/Content/EditorResources/S_TriggerBox.uexp" 302
"../../../Engine/Content/EditorResources/S_Trigger.ubulk" 303
"../../../Engine/Content/EditorResources/S_Trigger.uasset" 304
"../../../Engine/Content/EditorResources/S_Trigger.uexp" 305
"../../../Engine/Content/EditorResources/S_Terrain.ubulk" 306
"../../../Engine/Content/EditorResources/S_Terrain.uasset" 307
"../../../Engine/Content/EditorResources/S_Terrain.uexp" 308
"../../../Engine/Content/EditorResources/S_Solver.ubulk" 309
"../../../Engine/Content/EditorResources/S_Solver.uasset" 310
"../../../Engine/Content/EditorResources/S_Solver.uexp" 311
"../../../Engine/Content/EditorResources/EmptyActor.uasset" 312
"../../../Engine/Content/EditorResources/EmptyActor.uexp" 313
"../../../Engine/Content/EditorResources/BSPVertex.uasset" 314
"../../../Engine/Content/EditorResources/BSPVertex.uexp" 315
"../../../Engine/Content/EditorMaterials/PreviewShadowIndicator.ubulk" 316
"../../../Engine/Content/EditorMaterials/PreviewShadowIndicator.uasset" 317
"../../../Engine/Content/EditorMaterials/PreviewShadowIndicator.uexp" 318
"../../../Engine/Content/EditorMaterials/PreviewShadowIndicatorMaterial.uasset" 319
"../../../Engine/Content/EditorMaterials/PreviewShadowIndicatorMaterial.uexp" 320
"../../../Engine/Content/EditorMaterials/PhAT_UnselectedMaterial.uasset" 321
"../../../Engine/Content/EditorMaterials/PhAT_UnselectedMaterial.uexp" 322
"../../../Engine/Content/EditorMaterials/PhAT_NoCollisionMaterial.uasset" 323
"../../../Engine/Content/EditorMaterials/PhAT_NoCollisionMaterial.uexp" 324
"../../../Engine/Content/EditorLandscapeResources/DefaultAlphaTexture.uasset" 325
"../../../Engine/Content/EditorLandscapeResources/DefaultAlphaTexture.uexp" 326
"../../../Engine/Content/EditorMaterials/Dataflow/DataflowVertexMaterial.uasset" 327
"../../../Engine/Content/EditorMaterials/Dataflow/DataflowVertexMaterial.uexp" 328
"../../../Engine/Content/EditorMaterials/Dataflow/DataflowTwoSidedVertexMaterial.uasset" 329
"../../../Engine/Content/EditorMaterials/Dataflow/DataflowTwoSidedVertexMaterial.uexp" 330
"../../../Engine/Content/EditorResources/SequenceRecorder/RecordingIndicator.uasset" 331
"../../../Engine/Content/EditorResources/SequenceRecorder/RecordingIndicator.uexp" 332
"../../../Engine/Content/EditorResources/SequenceRecorder/Countdown.uasset" 333
"../../../Engine/Content/EditorResources/SequenceRecorder/Countdown.uexp" 334
"../../../Engine/Content/EditorMaterials/ParticleSystems/PSysThumbnail_OOD.ubulk" 335
"../../../Engine/Content/EditorMaterials/ParticleSystems/PSysThumbnail_OOD.uasset" 336
"../../../Engine/Content/EditorMaterials/ParticleSystems/PSysThumbnail_OOD.uexp" 337
"../../../Engine/Content/EditorMaterials/ParticleSystems/PSysThumbnail_NoImage.ubulk" 338
"../../../Engine/Content/EditorMaterials/ParticleSystems/PSysThumbnail_NoImage.uasset" 339
"../../../Engine/Content/EditorMaterials/ParticleSystems/PSysThumbnail_NoImage.uexp" 340
"../../../Engine/Content/EngineResources/FilmGrains/Marcie_Grain_v3_128_M2_000.uasset" 341
"../../../Engine/Content/EngineResources/FilmGrains/Marcie_Grain_v3_128_M2_000.uexp" 342
"../../../Engine/Content/EngineMaterials/LTC/Sheen_LTC.uasset" 343
"../../../Engine/Content/EngineMaterials/LTC/Sheen_LTC.uexp" 344
"../../../Engine/Content/EngineMaterials/LTC/GGX_LTCMat.uasset" 345
"../../../Engine/Content/EngineMaterials/LTC/GGX_LTCMat.uexp" 346
"../../../Engine/Content/EngineMaterials/LTC/GGX_LTCAmp.uasset" 347
"../../../Engine/Content/EngineMaterials/LTC/GGX_LTCAmp.uexp" 348
"../../../Engine/Content/EngineMaterials/EnergyConservation/Sheen_Energy.uasset" 349
"../../../Engine/Content/EngineMaterials/EnergyConservation/Sheen_Energy.uexp" 350
"../../../Engine/Content/EngineMaterials/EnergyConservation/SheenLegacy_Energy.uasset" 351
"../../../Engine/Content/EngineMaterials/EnergyConservation/SheenLegacy_Energy.uexp" 352
"../../../Engine/Content/EngineMaterials/EnergyConservation/GGX_TransmissionEnergyArray.uasset" 353
"../../../Engine/Content/EngineMaterials/EnergyConservation/GGX_TransmissionEnergyArray.uexp" 354
"../../../Engine/Content/EngineMaterials/EnergyConservation/GGX_ReflectionEnergy.uasset" 355
"../../../Engine/Content/EngineMaterials/EnergyConservation/GGX_ReflectionEnergy.uexp" 356
"../../../Engine/Content/EngineMaterials/EnergyConservation/Diffuse_Energy.uasset" 357
"../../../Engine/Content/EngineMaterials/EnergyConservation/Diffuse_Energy.uexp" 358
"../../../Engine/Plugins/Interchange/Assets/Content/gltf/Textures/T_White_srgb.uasset" 359
"../../../Engine/Plugins/Interchange/Assets/Content/gltf/Textures/T_White_srgb.uexp" 360
"../../../Engine/Plugins/Interchange/Assets/Content/gltf/MaterialFunctions/MF_Specular.uasset" 361
"../../../Engine/Plugins/Interchange/Assets/Content/gltf/MaterialFunctions/MF_Specular.uexp" 362
"../../../Engine/Plugins/Interchange/Assets/Content/gltf/Textures/T_Anisotropy_Direction_Linear.uasset" 363
"../../../Engine/Plugins/Interchange/Assets/Content/gltf/Textures/T_Anisotropy_Direction_Linear.uexp" 364
"../../../Engine/Plugins/Interchange/Assets/Content/gltf/MaterialFunctions/MF_SpecularAnisotropy.uasset" 365
"../../../Engine/Plugins/Interchange/Assets/Content/gltf/MaterialFunctions/MF_SpecularAnisotropy.uexp" 366
"../../../Engine/Plugins/Interchange/Assets/Content/gltf/Textures/T_White_Linear.uasset" 367
"../../../Engine/Plugins/Interchange/Assets/Content/gltf/Textures/T_White_Linear.uexp" 368
"../../../Engine/Plugins/Interchange/Assets/Content/gltf/MaterialFunctions/MF_MetallicRoughness.uasset" 369
"../../../Engine/Plugins/Interchange/Assets/Content/gltf/MaterialFunctions/MF_MetallicRoughness.uexp" 370
"../../../Engine/Plugins/Interchange/Assets/Content/gltf/Textures/T_Generic_N.uasset" 371
"../../../Engine/Plugins/Interchange/Assets/Content/gltf/Textures/T_Generic_N.uexp" 372
"../../../Engine/Plugins/Interchange/Assets/Content/gltf/MaterialFunctions/MF_ScaleNormal.uasset" 373
"../../../Engine/Plugins/Interchange/Assets/Content/gltf/MaterialFunctions/MF_ScaleNormal.uexp" 374
"../../../Engine/Plugins/Interchange/Assets/Content/gltf/MaterialFunctions/MF_BaseColor.uasset" 375
"../../../Engine/Plugins/Interchange/Assets/Content/gltf/MaterialFunctions/MF_BaseColor.uexp" 376
"../../../Engine/Plugins/Interchange/Assets/Content/gltf/MaterialFunctions/MF_Iridescence.uasset" 377
"../../../Engine/Plugins/Interchange/Assets/Content/gltf/MaterialFunctions/MF_Iridescence.uexp" 378
"../../../Engine/Plugins/Interchange/Assets/Content/gltf/MaterialFunctions/MF_Occlusion.uasset" 379
"../../../Engine/Plugins/Interchange/Assets/Content/gltf/MaterialFunctions/MF_Occlusion.uexp" 380
"../../../Engine/Plugins/Interchange/Assets/Content/gltf/MaterialFunctions/MF_IOR.uasset" 381
"../../../Engine/Plugins/Interchange/Assets/Content/gltf/MaterialFunctions/MF_IOR.uexp" 382
"../../../Engine/Plugins/Interchange/Assets/Content/gltf/MaterialFunctions/MF_RotateV2.uasset" 383
"../../../Engine/Plugins/Interchange/Assets/Content/gltf/MaterialFunctions/MF_RotateV2.uexp" 384
"../../../Engine/Plugins/Interchange/Assets/Content/gltf/MaterialFunctions/MF_TransformUVs.uasset" 385
"../../../Engine/Plugins/Interchange/Assets/Content/gltf/MaterialFunctions/MF_TransformUVs.uexp" 386
"../../../Engine/Plugins/Interchange/Assets/Content/gltf/MaterialFunctions/MF_Emissive.uasset" 387
"../../../Engine/Plugins/Interchange/Assets/Content/gltf/MaterialFunctions/MF_Emissive.uexp" 388
"../../../Engine/Content/Functions/Engine_MaterialFunctions02/Math/Transform3x3Matrix.uasset" 389
"../../../Engine/Content/Functions/Engine_MaterialFunctions02/Math/Transform3x3Matrix.uexp" 390
"../../../Engine/Plugins/Interchange/Assets/Content/gltf/MaterialFunctions/MF_RotateNormals_TS.uasset" 391
"../../../Engine/Plugins/Interchange/Assets/Content/gltf/MaterialFunctions/MF_RotateNormals_TS.uexp" 392
"../../../Engine/Plugins/Interchange/Assets/Content/gltf/MaterialFunctions/MF_Normals.uasset" 393
"../../../Engine/Plugins/Interchange/Assets/Content/gltf/MaterialFunctions/MF_Normals.uexp" 394
"../../../Engine/Plugins/Interchange/Assets/Content/gltf/MaterialBodies/MF_Default_Body.uasset" 395
"../../../Engine/Plugins/Interchange/Assets/Content/gltf/MaterialBodies/MF_Default_Body.uexp" 396
"../../../Engine/Content/EngineMaterials/Substrate/Volume/SubstrateSimpleVolumeLUT3D.uasset" 397
"../../../Engine/Content/EngineMaterials/Substrate/Volume/SubstrateSimpleVolumeLUT3D.uexp" 398
"../../../Engine/Content/EngineMaterials/Substrate/Volume/SubstrateSimpleVolumeEnvLUT3D.uasset" 399
"../../../Engine/Content/EngineMaterials/Substrate/Volume/SubstrateSimpleVolumeEnvLUT3D.uexp" 400
"../../../Engine/Content/EngineMaterials/Substrate/GLints2/AGlintTex2dArray2.uasset" 401
"../../../Engine/Content/EngineMaterials/Substrate/GLints2/AGlintTex2dArray2.uexp" 402
"../../../Engine/Content/EngineMaterials/Substrate/GLints/AGlintTex2dArray.uasset" 403
"../../../Engine/Content/EngineMaterials/Substrate/GLints/AGlintTex2dArray.uexp" 404
"C:/Users/gunne/Documents/Unreal Projects/Part2/Content/ThirdPerson/Maps/Assets/Polyart/Mushroom_Skeleton.uasset" 405
"C:/Users/gunne/Documents/Unreal Projects/Part2/Content/ThirdPerson/Maps/Assets/Polyart/Mushroom_Skeleton.uexp" 406
"C:/Users/gunne/Documents/Unreal Projects/Part2/Content/MonsterForSurvivalGame/Texture/RAM_TEX.ubulk" 407
"C:/Users/gunne/Documents/Unreal Projects/Part2/Content/MonsterForSurvivalGame/Texture/RAM_TEX.uasset" 408
"C:/Users/gunne/Documents/Unreal Projects/Part2/Content/MonsterForSurvivalGame/Texture/RAM_TEX.uexp" 409
"C:/Users/gunne/Documents/Unreal Projects/Part2/Content/MonsterForSurvivalGame/Texture/BasecolorDefault_TEX.ubulk" 410
"C:/Users/gunne/Documents/Unreal Projects/Part2/Content/MonsterForSurvivalGame/Texture/BasecolorDefault_TEX.uasset" 411
"C:/Users/gunne/Documents/Unreal Projects/Part2/Content/MonsterForSurvivalGame/Texture/BasecolorDefault_TEX.uexp" 412
"C:/Users/gunne/Documents/Unreal Projects/Part2/Content/MonsterForSurvivalGame/Texture/Emissive_TEX.ubulk" 413
"C:/Users/gunne/Documents/Unreal Projects/Part2/Content/MonsterForSurvivalGame/Texture/Emissive_TEX.uasset" 414
"C:/Users/gunne/Documents/Unreal Projects/Part2/Content/MonsterForSurvivalGame/Texture/Emissive_TEX.uexp" 415
"C:/Users/gunne/Documents/Unreal Projects/Part2/Content/MonsterForSurvivalGame/Material/DefaultPBR_MAT.uasset" 416
"C:/Users/gunne/Documents/Unreal Projects/Part2/Content/MonsterForSurvivalGame/Material/DefaultPBR_MAT.uexp" 417
"C:/Users/gunne/Documents/Unreal Projects/Part2/Content/ThirdPerson/Maps/Assets/Polyart/Mushroom_PhysicsAsset.uasset" 418
"C:/Users/gunne/Documents/Unreal Projects/Part2/Content/ThirdPerson/Maps/Assets/Polyart/Mushroom_PhysicsAsset.uexp" 419
"C:/Users/gunne/Documents/Unreal Projects/Part2/Content/ThirdPerson/Maps/Assets/Polyart/Mushroom_SK.uasset" 420
"C:/Users/gunne/Documents/Unreal Projects/Part2/Content/ThirdPerson/Maps/Assets/Polyart/Mushroom_SK.uexp" 421
"C:/Users/gunne/Documents/Unreal Projects/Part2/Content/ThirdPerson/Blueprints/MAIN_PLAYER/AS_Player.uasset" 422
"C:/Users/gunne/Documents/Unreal Projects/Part2/Content/ThirdPerson/Blueprints/MAIN_PLAYER/AS_Player.uexp" 423
"C:/Users/gunne/Documents/Unreal Projects/Part2/Content/ThirdPerson/Blueprints/Sprites/Chick_animation_without_shadow.uasset" 424
"C:/Users/gunne/Documents/Unreal Projects/Part2/Content/ThirdPerson/Blueprints/Sprites/Chick_animation_without_shadow.uexp" 425
"C:/Users/gunne/Documents/Unreal Projects/Part2/Content/ThirdPerson/Blueprints/Sprites/Animations/Chick_animation_without_shadow_Sprite_12.uasset" 426
"C:/Users/gunne/Documents/Unreal Projects/Part2/Content/ThirdPerson/Blueprints/Sprites/Animations/Chick_animation_without_shadow_Sprite_12.uexp" 427
"C:/Users/gunne/Documents/Unreal Projects/Part2/Content/ThirdPerson/Blueprints/Sprites/Animations/Chick_animation_without_shadow_Sprite_13.uasset" 428
"C:/Users/gunne/Documents/Unreal Projects/Part2/Content/ThirdPerson/Blueprints/Sprites/Animations/Chick_animation_without_shadow_Sprite_13.uexp" 429
"C:/Users/gunne/Documents/Unreal Projects/Part2/Content/ThirdPerson/Blueprints/Sprites/Animations/Chick_animation_without_shadow_Sprite_14.uasset" 430
"C:/Users/gunne/Documents/Unreal Projects/Part2/Content/ThirdPerson/Blueprints/Sprites/Animations/Chick_animation_without_shadow_Sprite_14.uexp" 431
"C:/Users/gunne/Documents/Unreal Projects/Part2/Content/ThirdPerson/Blueprints/Sprites/Animations/Chick_animation_without_shadow_Sprite_15.uasset" 432
"C:/Users/gunne/Documents/Unreal Projects/Part2/Content/ThirdPerson/Blueprints/Sprites/Animations/Chick_animation_without_shadow_Sprite_15.uexp" 433
"C:/Users/gunne/Documents/Unreal Projects/Part2/Content/ThirdPerson/Blueprints/Sprites/Animations/Chick_animation_without_shadow_Sprite_16.uasset" 434
"C:/Users/gunne/Documents/Unreal Projects/Part2/Content/ThirdPerson/Blueprints/Sprites/Animations/Chick_animation_without_shadow_Sprite_16.uexp" 435
"C:/Users/gunne/Documents/Unreal Projects/Part2/Content/ThirdPerson/Blueprints/Sprites/Animations/Chick_animation_without_shadow_Sprite_17.uasset" 436
"C:/Users/gunne/Documents/Unreal Projects/Part2/Content/ThirdPerson/Blueprints/Sprites/Animations/Chick_animation_without_shadow_Sprite_17.uexp" 437
"C:/Users/gunne/Documents/Unreal Projects/Part2/Content/ThirdPerson/Blueprints/Sprites/Player_Walk_A.uasset" 438
"C:/Users/gunne/Documents/Unreal Projects/Part2/Content/ThirdPerson/Blueprints/Sprites/Player_Walk_A.uexp" 439
"C:/Users/gunne/Documents/Unreal Projects/Part2/Content/ThirdPerson/Blueprints/Sprites/Animations/Chick_animation_without_shadow_Sprite_18.uasset" 440
"C:/Users/gunne/Documents/Unreal Projects/Part2/Content/ThirdPerson/Blueprints/Sprites/Animations/Chick_animation_without_shadow_Sprite_18.uexp" 441
"C:/Users/gunne/Documents/Unreal Projects/Part2/Content/ThirdPerson/Blueprints/Sprites/Animations/Chick_animation_without_shadow_Sprite_19.uasset" 442
"C:/Users/gunne/Documents/Unreal Projects/Part2/Content/ThirdPerson/Blueprints/Sprites/Animations/Chick_animation_without_shadow_Sprite_19.uexp" 443
"C:/Users/gunne/Documents/Unreal Projects/Part2/Content/ThirdPerson/Blueprints/Sprites/Animations/Chick_animation_without_shadow_Sprite_20.uasset" 444
"C:/Users/gunne/Documents/Unreal Projects/Part2/Content/ThirdPerson/Blueprints/Sprites/Animations/Chick_animation_without_shadow_Sprite_20.uexp" 445
"C:/Users/gunne/Documents/Unreal Projects/Part2/Content/ThirdPerson/Blueprints/Sprites/Animations/Chick_animation_without_shadow_Sprite_21.uasset" 446
"C:/Users/gunne/Documents/Unreal Projects/Part2/Content/ThirdPerson/Blueprints/Sprites/Animations/Chick_animation_without_shadow_Sprite_21.uexp" 447
"C:/Users/gunne/Documents/Unreal Projects/Part2/Content/ThirdPerson/Blueprints/Sprites/Animations/Chick_animation_without_shadow_Sprite_22.uasset" 448
"C:/Users/gunne/Documents/Unreal Projects/Part2/Content/ThirdPerson/Blueprints/Sprites/Animations/Chick_animation_without_shadow_Sprite_22.uexp" 449
"C:/Users/gunne/Documents/Unreal Projects/Part2/Content/ThirdPerson/Blueprints/Sprites/Animations/Chick_animation_without_shadow_Sprite_23.uasset" 450
"C:/Users/gunne/Documents/Unreal Projects/Part2/Content/ThirdPerson/Blueprints/Sprites/Animations/Chick_animation_without_shadow_Sprite_23.uexp" 451
"C:/Users/gunne/Documents/Unreal Projects/Part2/Content/ThirdPerson/Blueprints/Sprites/Player_Walk_D.uasset" 452
"C:/Users/gunne/Documents/Unreal Projects/Part2/Content/ThirdPerson/Blueprints/Sprites/Player_Walk_D.uexp" 453
"C:/Users/gunne/Documents/Unreal Projects/Part2/Content/ThirdPerson/Blueprints/MAIN_PLAYER/AnimSequences/Walk.uasset" 454
"C:/Users/gunne/Documents/Unreal Projects/Part2/Content/ThirdPerson/Blueprints/MAIN_PLAYER/AnimSequences/Walk.uexp" 455
"C:/Users/gunne/Documents/Unreal Projects/Part2/Content/ThirdPerson/Blueprints/Sprites/Animations/Chick_animation_without_shadow_Sprite_24.uasset" 456
"C:/Users/gunne/Documents/Unreal Projects/Part2/Content/ThirdPerson/Blueprints/Sprites/Animations/Chick_animation_without_shadow_Sprite_24.uexp" 457
"C:/Users/gunne/Documents/Unreal Projects/Part2/Content/ThirdPerson/Blueprints/Sprites/NEWNEW.uasset" 458
"C:/Users/gunne/Documents/Unreal Projects/Part2/Content/ThirdPerson/Blueprints/Sprites/NEWNEW.uexp" 459
"C:/Users/gunne/Documents/Unreal Projects/Part2/Content/ThirdPerson/Blueprints/MAIN_PLAYER/AnimSequences/Idle.uasset" 460
"C:/Users/gunne/Documents/Unreal Projects/Part2/Content/ThirdPerson/Blueprints/MAIN_PLAYER/AnimSequences/Idle.uexp" 461
"C:/Users/gunne/Documents/Unreal Projects/Part2/Content/ThirdPerson/Blueprints/MAIN_PLAYER/ABP_Player.uasset" 462
"C:/Users/gunne/Documents/Unreal Projects/Part2/Content/ThirdPerson/Blueprints/MAIN_PLAYER/ABP_Player.uexp" 463
"C:/Users/gunne/Documents/Unreal Projects/Part2/Content/ThirdPerson/Blueprints/Sprites/Animations/Chick_animation_without_shadow_Sprite_0.uasset" 464
"C:/Users/gunne/Documents/Unreal Projects/Part2/Content/ThirdPerson/Blueprints/Sprites/Animations/Chick_animation_without_shadow_Sprite_0.uexp" 465
"C:/Users/gunne/Documents/Unreal Projects/Part2/Content/ThirdPerson/Blueprints/Sprites/Player_Idle.uasset" 466
"C:/Users/gunne/Documents/Unreal Projects/Part2/Content/ThirdPerson/Blueprints/Sprites/Player_Idle.uexp" 467
"C:/Users/gunne/Documents/Unreal Projects/Part2/Content/ThirdPerson/Input/Actions/IA_Jump.uasset" 468
"C:/Users/gunne/Documents/Unreal Projects/Part2/Content/ThirdPerson/Input/Actions/IA_Jump.uexp" 469
"C:/Users/gunne/Documents/Unreal Projects/Part2/Content/ThirdPerson/Input/Actions/IA_Save.uasset" 470
"C:/Users/gunne/Documents/Unreal Projects/Part2/Content/ThirdPerson/Input/Actions/IA_Save.uexp" 471
"C:/Users/gunne/Documents/Unreal Projects/Part2/Content/ThirdPerson/Input/Actions/IA_Scroll.uasset" 472
"C:/Users/gunne/Documents/Unreal Projects/Part2/Content/ThirdPerson/Input/Actions/IA_Scroll.uexp" 473
"C:/Users/gunne/Documents/Unreal Projects/Part2/Content/ThirdPerson/Input/Actions/IA_Look.uasset" 474
"C:/Users/gunne/Documents/Unreal Projects/Part2/Content/ThirdPerson/Input/Actions/IA_Look.uexp" 475
"C:/Users/gunne/Documents/Unreal Projects/Part2/Content/ThirdPerson/Input/Actions/IA_Move.uasset" 476
"C:/Users/gunne/Documents/Unreal Projects/Part2/Content/ThirdPerson/Input/Actions/IA_Move.uexp" 477
"C:/Users/gunne/Documents/Unreal Projects/Part2/Content/ThirdPerson/Input/IMC_Default.uasset" 478
"C:/Users/gunne/Documents/Unreal Projects/Part2/Content/ThirdPerson/Input/IMC_Default.uexp" 479
"C:/Users/gunne/Documents/Unreal Projects/Part2/Content/ThirdPerson/Blueprints/MAIN_PLAYER/BP_PlayerSave.uasset" 480
"C:/Users/gunne/Documents/Unreal Projects/Part2/Content/ThirdPerson/Blueprints/MAIN_PLAYER/BP_PlayerSave.uexp" 481
"C:/Users/gunne/Documents/Unreal Projects/Part2/Content/ThirdPerson/Blueprints/MAIN_PLAYER/BP_MAINMAINCHARACTER.uasset" 482
"C:/Users/gunne/Documents/Unreal Projects/Part2/Content/ThirdPerson/Blueprints/MAIN_PLAYER/BP_MAINMAINCHARACTER.uexp" 483
"../../../Engine/Content/BasicShapes/Cube.ubulk" 484
"../../../Engine/Content/BasicShapes/Cube.uasset" 485
"../../../Engine/Content/BasicShapes/Cube.uexp" 486
"../../../Engine/Content/BasicShapes/BasicShapeMaterial.uasset" 487
"../../../Engine/Content/BasicShapes/BasicShapeMaterial.uexp" 488
"C:/Users/gunne/Documents/Unreal Projects/Part2/Content/ThirdPerson/Maps/Assets/Extra_Walls/doorfinal_normal.ubulk" 489
"C:/Users/gunne/Documents/Unreal Projects/Part2/Content/ThirdPerson/Maps/Assets/Extra_Walls/doorfinal_normal.uasset" 490
"C:/Users/gunne/Documents/Unreal Projects/Part2/Content/ThirdPerson/Maps/Assets/Extra_Walls/doorfinal_normal.uexp" 491
"C:/Users/gunne/Documents/Unreal Projects/Part2/Content/ThirdPerson/Maps/Assets/Extra_Walls/doorfinal_metallic_png-doorfinal_roughness_png.ubulk" 492
"C:/Users/gunne/Documents/Unreal Projects/Part2/Content/ThirdPerson/Maps/Assets/Extra_Walls/doorfinal_metallic_png-doorfinal_roughness_png.uasset" 493
"C:/Users/gunne/Documents/Unreal Projects/Part2/Content/ThirdPerson/Maps/Assets/Extra_Walls/doorfinal_metallic_png-doorfinal_roughness_png.uexp" 494
"C:/Users/gunne/Documents/Unreal Projects/Part2/Content/ThirdPerson/Maps/Assets/Extra_Walls/doorfinal_color.ubulk" 495
"C:/Users/gunne/Documents/Unreal Projects/Part2/Content/ThirdPerson/Maps/Assets/Extra_Walls/doorfinal_color.uasset" 496
"C:/Users/gunne/Documents/Unreal Projects/Part2/Content/ThirdPerson/Maps/Assets/Extra_Walls/doorfinal_color.uexp" 497
"C:/Users/gunne/Documents/Unreal Projects/Part2/Content/ThirdPerson/Maps/Assets/Extra_Walls/doorfinal_color_Mat.uasset" 498
"C:/Users/gunne/Documents/Unreal Projects/Part2/Content/ThirdPerson/Maps/Assets/Extra_Walls/doorfinal_color_Mat.uexp" 499
"C:/Users/gunne/Documents/Unreal Projects/Part2/Content/ThirdPerson/Maps/Assets/Extra_Walls/Material_012.uasset" 500
"C:/Users/gunne/Documents/Unreal Projects/Part2/Content/ThirdPerson/Maps/Assets/Extra_Walls/Material_012.uexp" 501
"C:/Users/gunne/Documents/Unreal Projects/Part2/Content/ThirdPerson/Maps/Assets/Extra_Walls/door.ubulk" 502
"C:/Users/gunne/Documents/Unreal Projects/Part2/Content/ThirdPerson/Maps/Assets/Extra_Walls/door.uasset" 503
"C:/Users/gunne/Documents/Unreal Projects/Part2/Content/ThirdPerson/Maps/Assets/Extra_Walls/door.uexp" 504
"C:/Users/gunne/Documents/Unreal Projects/Part2/Content/ThirdPerson/Maps/Assets/AS_Puzzles/BP_PuzzleDoor.uasset" 505
"C:/Users/gunne/Documents/Unreal Projects/Part2/Content/ThirdPerson/Maps/Assets/AS_Puzzles/BP_PuzzleDoor.uexp" 506
"C:/Users/gunne/Documents/Unreal Projects/Part2/Content/ThirdPerson/Maps/Assets/AS_Puzzles/BP_PuzzleItem.uasset" 507
"C:/Users/gunne/Documents/Unreal Projects/Part2/Content/ThirdPerson/Maps/Assets/AS_Puzzles/BP_PuzzleItem.uexp" 508
"C:/Users/gunne/Documents/Unreal Projects/Part2/Content/ThirdPerson/Blueprints/PlayerLockSystem/BP_Teleport_WrapAround.uasset" 509
"C:/Users/gunne/Documents/Unreal Projects/Part2/Content/ThirdPerson/Blueprints/PlayerLockSystem/BP_Teleport_WrapAround.uexp" 510
"C:/Users/gunne/Documents/Unreal Projects/Part2/Content/ThirdPerson/Blueprints/PlayerLockSystem/BP_TeleportLoop.uasset" 511
"C:/Users/gunne/Documents/Unreal Projects/Part2/Content/ThirdPerson/Blueprints/PlayerLockSystem/BP_TeleportLoop.uexp" 512
"C:/Users/gunne/Documents/Unreal Projects/Part2/Content/ThirdPerson/Blueprints/PlayerLockSystem/BP_ResetPlayer.uasset" 513
"C:/Users/gunne/Documents/Unreal Projects/Part2/Content/ThirdPerson/Blueprints/PlayerLockSystem/BP_ResetPlayer.uexp" 514
"C:/Users/gunne/Documents/Unreal Projects/Part2/Content/ThirdPerson/Blueprints/PlayerLockSystem/BP_Teleport_Wrap_UP-DOWN.uasset" 515
"C:/Users/gunne/Documents/Unreal Projects/Part2/Content/ThirdPerson/Blueprints/PlayerLockSystem/BP_Teleport_Wrap_UP-DOWN.uexp" 516
"C:/Users/gunne/Documents/Unreal Projects/Part2/Content/ThirdPerson/Maps/Assets/Extra_Walls/wall3t_metallic-wall3t_roughness.ubulk" 517
"C:/Users/gunne/Documents/Unreal Projects/Part2/Content/ThirdPerson/Maps/Assets/Extra_Walls/wall3t_metallic-wall3t_roughness.uasset" 518
"C:/Users/gunne/Documents/Unreal Projects/Part2/Content/ThirdPerson/Maps/Assets/Extra_Walls/wall3t_metallic-wall3t_roughness.uexp" 519
"C:/Users/gunne/Documents/Unreal Projects/Part2/Content/ThirdPerson/Maps/Assets/Extra_Walls/wall3t_normal.ubulk" 520
"C:/Users/gunne/Documents/Unreal Projects/Part2/Content/ThirdPerson/Maps/Assets/Extra_Walls/wall3t_normal.uasset" 521
"C:/Users/gunne/Documents/Unreal Projects/Part2/Content/ThirdPerson/Maps/Assets/Extra_Walls/wall3t_normal.uexp" 522
"C:/Users/gunne/Documents/Unreal Projects/Part2/Content/ThirdPerson/Maps/Assets/Extra_Walls/wall3t.uasset" 523
"C:/Users/gunne/Documents/Unreal Projects/Part2/Content/ThirdPerson/Maps/Assets/Extra_Walls/wall3t.uexp" 524
"C:/Users/gunne/Documents/Unreal Projects/Part2/Content/ThirdPerson/Maps/Assets/Extra_Walls/walldoor_003.ubulk" 525
"C:/Users/gunne/Documents/Unreal Projects/Part2/Content/ThirdPerson/Maps/Assets/Extra_Walls/walldoor_003.uasset" 526
"C:/Users/gunne/Documents/Unreal Projects/Part2/Content/ThirdPerson/Maps/Assets/Extra_Walls/walldoor_003.uexp" 527
"C:/Users/gunne/Documents/Unreal Projects/Part2/Content/ThirdPerson/Blueprints/PlayerLockSystem/BP_MovementLock.uasset" 528
"C:/Users/gunne/Documents/Unreal Projects/Part2/Content/ThirdPerson/Blueprints/PlayerLockSystem/BP_MovementLock.uexp" 529
"C:/Users/gunne/Documents/Unreal Projects/Part2/Content/ThirdPerson/Blueprints/PlayerLockSystem/BP_MovementLock_SameAxis.uasset" 530
"C:/Users/gunne/Documents/Unreal Projects/Part2/Content/ThirdPerson/Blueprints/PlayerLockSystem/BP_MovementLock_SameAxis.uexp" 531
"../../../Engine/Content/Functions/Engine_MaterialFunctions01/Texturing/FlattenNormal.uasset" 532
"../../../Engine/Content/Functions/Engine_MaterialFunctions01/Texturing/FlattenNormal.uexp" 533
"../../../Engine/Plugins/Interchange/Assets/Content/gltf/MaterialFunctions/MF_Clearcoat.uasset" 534
"../../../Engine/Plugins/Interchange/Assets/Content/gltf/MaterialFunctions/MF_Clearcoat.uexp" 535
"../../../Engine/Plugins/Interchange/Assets/Content/gltf/MaterialBodies/MF_ClearCoat_Body.uasset" 536
"../../../Engine/Plugins/Interchange/Assets/Content/gltf/MaterialBodies/MF_ClearCoat_Body.uexp" 537
"../../../Engine/Plugins/Interchange/Assets/Content/gltf/M_ClearCoat.uasset" 538
"../../../Engine/Plugins/Interchange/Assets/Content/gltf/M_ClearCoat.uexp" 539
"../../../Engine/Plugins/Interchange/Assets/Content/gltf/MaterialInstances/MI_ClearCoat_Blend.uasset" 540
"../../../Engine/Plugins/Interchange/Assets/Content/gltf/MaterialInstances/MI_ClearCoat_Blend.uexp" 541
"../../../Engine/Plugins/Interchange/Assets/Content/gltf/MaterialInstances/MI_ClearCoat_Blend_DS.uasset" 542
"../../../Engine/Plugins/Interchange/Assets/Content/gltf/MaterialInstances/MI_ClearCoat_Blend_DS.uexp" 543
"../../../Engine/Plugins/Interchange/Assets/Content/gltf/MaterialInstances/MI_ClearCoat_Mask.uasset" 544
"../../../Engine/Plugins/Interchange/Assets/Content/gltf/MaterialInstances/MI_ClearCoat_Mask.uexp" 545
"../../../Engine/Plugins/Interchange/Assets/Content/gltf/MaterialInstances/MI_ClearCoat_Mask_DS.uasset" 546
"../../../Engine/Plugins/Interchange/Assets/Content/gltf/MaterialInstances/MI_ClearCoat_Mask_DS.uexp" 547
"../../../Engine/Plugins/Interchange/Assets/Content/gltf/MaterialInstances/MI_ClearCoat_Opaque.uasset" 548
"../../../Engine/Plugins/Interchange/Assets/Content/gltf/MaterialInstances/MI_ClearCoat_Opaque.uexp" 549
"../../../Engine/Plugins/Interchange/Assets/Content/gltf/MaterialInstances/MI_ClearCoat_Opaque_DS.uasset" 550
"../../../Engine/Plugins/Interchange/Assets/Content/gltf/MaterialInstances/MI_ClearCoat_Opaque_DS.uexp" 551
"../../../Engine/Plugins/Interchange/Assets/Content/gltf/MaterialInstances/MI_Default_Blend.uasset" 552
"../../../Engine/Plugins/Interchange/Assets/Content/gltf/MaterialInstances/MI_Default_Blend.uexp" 553
"../../../Engine/Plugins/Interchange/Assets/Content/gltf/MaterialInstances/MI_Default_Blend_DS.uasset" 554
"../../../Engine/Plugins/Interchange/Assets/Content/gltf/MaterialInstances/MI_Default_Blend_DS.uexp" 555
"../../../Engine/Plugins/Interchange/Assets/Content/gltf/MaterialInstances/MI_Default_Mask.uasset" 556
"../../../Engine/Plugins/Interchange/Assets/Content/gltf/MaterialInstances/MI_Default_Mask.uexp" 557
"../../../Engine/Plugins/Interchange/Assets/Content/gltf/MaterialInstances/MI_Default_Mask_DS.uasset" 558
"../../../Engine/Plugins/Interchange/Assets/Content/gltf/MaterialInstances/MI_Default_Mask_DS.uexp" 559
"../../../Engine/Plugins/Interchange/Assets/Content/gltf/MaterialInstances/MI_Default_Opaque.uasset" 560
"../../../Engine/Plugins/Interchange/Assets/Content/gltf/MaterialInstances/MI_Default_Opaque.uexp" 561
"../../../Engine/Plugins/Interchange/Assets/Content/gltf/MaterialFunctions/MF_Sheen.uasset" 562
"../../../Engine/Plugins/Interchange/Assets/Content/gltf/MaterialFunctions/MF_Sheen.uexp" 563
"../../../Engine/Plugins/Interchange/Assets/Content/gltf/MaterialBodies/MF_Sheen_Body.uasset" 564
"../../../Engine/Plugins/Interchange/Assets/Content/gltf/MaterialBodies/MF_Sheen_Body.uexp" 565
"../../../Engine/Plugins/Interchange/Assets/Content/gltf/M_Sheen.uasset" 566
"../../../Engine/Plugins/Interchange/Assets/Content/gltf/M_Sheen.uexp" 567
"../../../Engine/Plugins/Interchange/Assets/Content/gltf/MaterialInstances/MI_Sheen_Blend.uasset" 568
"../../../Engine/Plugins/Interchange/Assets/Content/gltf/MaterialInstances/MI_Sheen_Blend.uexp" 569
"../../../Engine/Plugins/Interchange/Assets/Content/gltf/MaterialInstances/MI_Sheen_Blend_DS.uasset" 570
"../../../Engine/Plugins/Interchange/Assets/Content/gltf/MaterialInstances/MI_Sheen_Blend_DS.uexp" 571
"../../../Engine/Plugins/Interchange/Assets/Content/gltf/MaterialInstances/MI_Sheen_Mask.uasset" 572
"../../../Engine/Plugins/Interchange/Assets/Content/gltf/MaterialInstances/MI_Sheen_Mask.uexp" 573
"../../../Engine/Plugins/Interchange/Assets/Content/gltf/MaterialInstances/MI_Sheen_Mask_DS.uasset" 574
"../../../Engine/Plugins/Interchange/Assets/Content/gltf/MaterialInstances/MI_Sheen_Mask_DS.uexp" 575
"../../../Engine/Plugins/Interchange/Assets/Content/gltf/MaterialInstances/MI_Sheen_Opaque.uasset" 576
"../../../Engine/Plugins/Interchange/Assets/Content/gltf/MaterialInstances/MI_Sheen_Opaque.uexp" 577
"../../../Engine/Plugins/Interchange/Assets/Content/gltf/MaterialInstances/MI_Sheen_Opaque_DS.uasset" 578
"../../../Engine/Plugins/Interchange/Assets/Content/gltf/MaterialInstances/MI_Sheen_Opaque_DS.uexp" 579
"../../../Engine/Content/Functions/Engine_MaterialFunctions02/Math/AddComponents.uasset" 580
"../../../Engine/Content/Functions/Engine_MaterialFunctions02/Math/AddComponents.uexp" 581
"../../../Engine/Plugins/Interchange/Assets/Content/gltf/MaterialFunctions/MF_DiffuseSpecGloss.uasset" 582
"../../../Engine/Plugins/Interchange/Assets/Content/gltf/MaterialFunctions/MF_DiffuseSpecGloss.uexp" 583
"../../../Engine/Plugins/Interchange/Assets/Content/gltf/MaterialFunctions/MF_PerceivedBrightness.uasset" 584
"../../../Engine/Plugins/Interchange/Assets/Content/gltf/MaterialFunctions/MF_PerceivedBrightness.uexp" 585
"../../../Engine/Plugins/Interchange/Assets/Content/gltf/MaterialFunctions/MF_SpecGlossToMetalRoughness.uasset" 586
"../../../Engine/Plugins/Interchange/Assets/Content/gltf/MaterialFunctions/MF_SpecGlossToMetalRoughness.uexp" 587
"../../../Engine/Plugins/Interchange/Assets/Content/gltf/MaterialFunctions/MF_MaxComponentValue.uasset" 588
"../../../Engine/Plugins/Interchange/Assets/Content/gltf/MaterialFunctions/MF_MaxComponentValue.uexp" 589
"../../../Engine/Plugins/Interchange/Assets/Content/gltf/MaterialBodies/MF_SpecularGlossiness_Body.uasset" 590
"../../../Engine/Plugins/Interchange/Assets/Content/gltf/MaterialBodies/MF_SpecularGlossiness_Body.uexp" 591
"../../../Engine/Plugins/Interchange/Assets/Content/gltf/M_SpecularGlossiness.uasset" 592
"../../../Engine/Plugins/Interchange/Assets/Content/gltf/M_SpecularGlossiness.uexp" 593
"../../../Engine/Plugins/Interchange/Assets/Content/gltf/MaterialInstances/MI_SpecularGlossiness_Blend.uasset" 594
"../../../Engine/Plugins/Interchange/Assets/Content/gltf/MaterialInstances/MI_SpecularGlossiness_Blend.uexp" 595
"../../../Engine/Plugins/Interchange/Assets/Content/gltf/MaterialInstances/MI_SpecularGlossiness_Blend_DS.uasset" 596
"../../../Engine/Plugins/Interchange/Assets/Content/gltf/MaterialInstances/MI_SpecularGlossiness_Blend_DS.uexp" 597
"../../../Engine/Plugins/Interchange/Assets/Content/gltf/MaterialInstances/MI_SpecularGlossiness_Mask.uasset" 598
"../../../Engine/Plugins/Interchange/Assets/Content/gltf/MaterialInstances/MI_SpecularGlossiness_Mask.uexp" 599
"../../../Engine/Plugins/Interchange/Assets/Content/gltf/MaterialInstances/MI_SpecularGlossiness_Mask_DS.uasset" 600
"../../../Engine/Plugins/Interchange/Assets/Content/gltf/MaterialInstances/MI_SpecularGlossiness_Mask_DS.uexp" 601
"../../../Engine/Plugins/Interchange/Assets/Content/gltf/MaterialInstances/MI_SpecularGlossiness_Opaque.uasset" 602
"../../../Engine/Plugins/Interchange/Assets/Content/gltf/MaterialInstances/MI_SpecularGlossiness_Opaque.uexp" 603
"../../../Engine/Plugins/Interchange/Assets/Content/gltf/MaterialInstances/MI_SpecularGlossiness_Opaque_DS.uasset" 604
"../../../Engine/Plugins/Interchange/Assets/Content/gltf/MaterialInstances/MI_SpecularGlossiness_Opaque_DS.uexp" 605
"../../../Engine/Content/EngineMaterials/Good64x64TilingNoiseHighFreq.uasset" 606
"../../../Engine/Content/EngineMaterials/Good64x64TilingNoiseHighFreq.uexp" 607
"../../../Engine/Content/Functions/Engine_MaterialFunctions02/Texturing/ScreenAlignedPixelToPixelUVs.uasset" 608
"../../../Engine/Content/Functions/Engine_MaterialFunctions02/Texturing/ScreenAlignedPixelToPixelUVs.uexp" 609
"../../../Engine/Plugins/Interchange/Assets/Content/gltf/MaterialFunctions/MF_Temporal_Blur.uasset" 610
"../../../Engine/Plugins/Interchange/Assets/Content/gltf/MaterialFunctions/MF_Temporal_Blur.uexp" 611
"../../../Engine/Plugins/Interchange/Assets/Content/gltf/MaterialFunctions/MF_Fresnel_DS.uasset" 612
"../../../Engine/Plugins/Interchange/Assets/Content/gltf/MaterialFunctions/MF_Fresnel_DS.uexp" 613
"../../../Engine/Plugins/Interchange/Assets/Content/gltf/MaterialFunctions/MF_Transmission.uasset" 614
"../../../Engine/Plugins/Interchange/Assets/Content/gltf/MaterialFunctions/MF_Transmission.uexp" 615
"../../../Engine/Plugins/Interchange/Assets/Content/gltf/MaterialBodies/MF_Transmission_Body.uasset" 616
"../../../Engine/Plugins/Interchange/Assets/Content/gltf/MaterialBodies/MF_Transmission_Body.uexp" 617
"../../../Engine/Plugins/Interchange/Assets/Content/gltf/M_Transmission.uasset" 618
"../../../Engine/Plugins/Interchange/Assets/Content/gltf/M_Transmission.uexp" 619
"../../../Engine/Plugins/Interchange/Assets/Content/gltf/MaterialInstances/MI_Transmission.uasset" 620
"../../../Engine/Plugins/Interchange/Assets/Content/gltf/MaterialInstances/MI_Transmission.uexp" 621
"../../../Engine/Plugins/Interchange/Assets/Content/gltf/MaterialInstances/MI_Transmission_DS.uasset" 622
"../../../Engine/Plugins/Interchange/Assets/Content/gltf/MaterialInstances/MI_Transmission_DS.uexp" 623
"../../../Engine/Plugins/Interchange/Assets/Content/gltf/MaterialBodies/MF_Unlit_Body.uasset" 624
"../../../Engine/Plugins/Interchange/Assets/Content/gltf/MaterialBodies/MF_Unlit_Body.uexp" 625
"../../../Engine/Plugins/Interchange/Assets/Content/gltf/M_Unlit.uasset" 626
"../../../Engine/Plugins/Interchange/Assets/Content/gltf/M_Unlit.uexp" 627
"../../../Engine/Plugins/Interchange/Assets/Content/gltf/MaterialInstances/MI_Unlit_Blend.uasset" 628
"../../../Engine/Plugins/Interchange/Assets/Content/gltf/MaterialInstances/MI_Unlit_Blend.uexp" 629
"../../../Engine/Plugins/Interchange/Assets/Content/gltf/MaterialInstances/MI_Unlit_Blend_DS.uasset" 630
"../../../Engine/Plugins/Interchange/Assets/Content/gltf/MaterialInstances/MI_Unlit_Blend_DS.uexp" 631
"../../../Engine/Plugins/Interchange/Assets/Content/gltf/MaterialInstances/MI_Unlit_Mask.uasset" 632
"../../../Engine/Plugins/Interchange/Assets/Content/gltf/MaterialInstances/MI_Unlit_Mask.uexp" 633
"../../../Engine/Plugins/Interchange/Assets/Content/gltf/MaterialInstances/MI_Unlit_Mask_DS.uasset" 634
"../../../Engine/Plugins/Interchange/Assets/Content/gltf/MaterialInstances/MI_Unlit_Mask_DS.uexp" 635
"../../../Engine/Plugins/Interchange/Assets/Content/gltf/MaterialInstances/MI_Unlit_Opaque.uasset" 636
"../../../Engine/Plugins/Interchange/Assets/Content/gltf/MaterialInstances/MI_Unlit_Opaque.uexp" 637
"../../../Engine/Plugins/Interchange/Assets/Content/gltf/MaterialInstances/MI_Unlit_Opaque_DS.uasset" 638
"../../../Engine/Plugins/Interchange/Assets/Content/gltf/MaterialInstances/MI_Unlit_Opaque_DS.uexp" 639
"../../../Engine/Content/EngineSky/VolumetricClouds/T_CloudMask.ubulk" 640
"../../../Engine/Content/EngineSky/VolumetricClouds/T_CloudMask.uasset" 641
"../../../Engine/Content/EngineSky/VolumetricClouds/T_CloudMask.uexp" 642
"../../../Engine/Content/EngineSky/VolumetricClouds/VT_Lightning.uasset" 643
"../../../Engine/Content/EngineSky/VolumetricClouds/VT_Lightning.uexp" 644
"../../../Engine/Content/EngineSky/VolumetricClouds/T_Profile_08.ubulk" 645
"../../../Engine/Content/EngineSky/VolumetricClouds/T_Profile_08.uasset" 646
"../../../Engine/Content/EngineSky/VolumetricClouds/T_Profile_08.uexp" 647
"../../../Engine/Content/Functions/Engine_MaterialFunctions02/Utility/MakeFloat4.uasset" 648
"../../../Engine/Content/Functions/Engine_MaterialFunctions02/Utility/MakeFloat4.uexp" 649
"../../../Engine/Content/Functions/Engine_MaterialFunctions01/Units/Km-to-Cm.uasset" 650
"../../../Engine/Content/Functions/Engine_MaterialFunctions01/Units/Km-to-Cm.uexp" 651
"../../../Engine/Content/Functions/Engine_MaterialFunctions02/Utility/BreakOutFloat4Components.uasset" 652
"../../../Engine/Content/Functions/Engine_MaterialFunctions02/Utility/BreakOutFloat4Components.uexp" 653
"../../../Engine/Content/EngineSky/VolumetricClouds/T_CloudPattern.ubulk" 654
"../../../Engine/Content/EngineSky/VolumetricClouds/T_CloudPattern.uasset" 655
"../../../Engine/Content/EngineSky/VolumetricClouds/T_CloudPattern.uexp" 656
"../../../Engine/Content/EngineSky/VolumetricClouds/VT_PerlinWorley_Balanced.uasset" 657
"../../../Engine/Content/EngineSky/VolumetricClouds/VT_PerlinWorley_Balanced.uexp" 658
"../../../Engine/Content/EngineSky/VolumetricClouds/m_SimpleVolumetricCloud.uasset" 659
"../../../Engine/Content/EngineSky/VolumetricClouds/m_SimpleVolumetricCloud.uexp" 660
"../../../Engine/Content/EngineSky/VolumetricClouds/m_SimpleVolumetricCloud_Inst.uasset" 661
"../../../Engine/Content/EngineSky/VolumetricClouds/m_SimpleVolumetricCloud_Inst.uexp" 662
"../../../Engine/Content/EditorMaterials/Camera/CineMat.uasset" 663
"../../../Engine/Content/EditorMaterials/Camera/CineMat.uexp" 664
"../../../Engine/Content/EditorMaterials/Camera/MI_CineMat_Rig.uasset" 665
"../../../Engine/Content/EditorMaterials/Camera/MI_CineMat_Rig.uexp" 666
"../../../Engine/Content/EditorMeshes/Camera/SM_CraneRig_Arm.ubulk" 667
"../../../Engine/Content/EditorMeshes/Camera/SM_CraneRig_Arm.uasset" 668
"../../../Engine/Content/EditorMeshes/Camera/SM_CraneRig_Arm.uexp" 669
"../../../Engine/Content/EditorMeshes/Camera/SM_CraneRig_Base.ubulk" 670
"../../../Engine/Content/EditorMeshes/Camera/SM_CraneRig_Base.uasset" 671
"../../../Engine/Content/EditorMeshes/Camera/SM_CraneRig_Base.uexp" 672
"../../../Engine/Content/EditorMeshes/Camera/SM_CraneRig_Body.ubulk" 673
"../../../Engine/Content/EditorMeshes/Camera/SM_CraneRig_Body.uasset" 674
"../../../Engine/Content/EditorMeshes/Camera/SM_CraneRig_Body.uexp" 675
"../../../Engine/Content/EditorMeshes/Camera/SM_CraneRig_Mount.ubulk" 676
"../../../Engine/Content/EditorMeshes/Camera/SM_CraneRig_Mount.uasset" 677
"../../../Engine/Content/EditorMeshes/Camera/SM_CraneRig_Mount.uexp" 678
"../../../Engine/Content/EditorMeshes/Camera/SM_RailRig_Mount.ubulk" 679
"../../../Engine/Content/EditorMeshes/Camera/SM_RailRig_Mount.uasset" 680
"../../../Engine/Content/EditorMeshes/Camera/SM_RailRig_Mount.uexp" 681
"../../../Engine/Content/EditorMeshes/Camera/SM_RailRig_Track.ubulk" 682
"../../../Engine/Content/EditorMeshes/Camera/SM_RailRig_Track.uasset" 683
"../../../Engine/Content/EditorMeshes/Camera/SM_RailRig_Track.uexp" 684
"../../../Engine/Content/EngineMaterials/T_Default_Material_Grid_M.ubulk" 685
"../../../Engine/Content/EngineMaterials/T_Default_Material_Grid_M.uasset" 686
"../../../Engine/Content/EngineMaterials/T_Default_Material_Grid_M.uexp" 687
"../../../Engine/Content/EngineMaterials/T_Default_Material_Grid_N.ubulk" 688
"../../../Engine/Content/EngineMaterials/T_Default_Material_Grid_N.uasset" 689
"../../../Engine/Content/EngineMaterials/T_Default_Material_Grid_N.uexp" 690
"../../../Engine/Content/Functions/Engine_MaterialFunctions01/Opacity/CameraDepthFade.uasset" 691
"../../../Engine/Content/Functions/Engine_MaterialFunctions01/Opacity/CameraDepthFade.uexp" 692
"../../../Engine/Content/EngineMaterials/DefaultMaterial.uasset" 693
"../../../Engine/Content/EngineMaterials/DefaultMaterial.uexp" 694
"../../../Engine/Content/BasicShapes/Cone.ubulk" 695
"../../../Engine/Content/BasicShapes/Cone.uasset" 696
"../../../Engine/Content/BasicShapes/Cone.uexp" 697
"../../../Engine/Content/BasicShapes/Cylinder.ubulk" 698
"../../../Engine/Content/BasicShapes/Cylinder.uasset" 699
"../../../Engine/Content/BasicShapes/Cylinder.uexp" 700
"../../../Engine/Content/EngineMaterials/WorldGridMaterial.uasset" 701
"../../../Engine/Content/EngineMaterials/WorldGridMaterial.uexp" 702
"../../../Engine/Content/BasicShapes/Plane.ubulk" 703
"../../../Engine/Content/BasicShapes/Plane.uasset" 704
"../../../Engine/Content/BasicShapes/Plane.uexp" 705
"../../../Engine/Content/BasicShapes/Sphere.ubulk" 706
"../../../Engine/Content/BasicShapes/Sphere.uasset" 707
"../../../Engine/Content/BasicShapes/Sphere.uexp" 708
"../../../Engine/Content/EngineMeshes/Sphere.ubulk" 709
"../../../Engine/Content/EngineMeshes/Sphere.uasset" 710
"../../../Engine/Content/EngineMeshes/Sphere.uexp" 711
"../../../Engine/Content/EditorLandscapeResources/SplineEditorMeshMat.uasset" 712
"../../../Engine/Content/EditorLandscapeResources/SplineEditorMeshMat.uexp" 713
"../../../Engine/Content/EditorLandscapeResources/SplineEditorMesh.ubulk" 714
"../../../Engine/Content/EditorLandscapeResources/SplineEditorMesh.uasset" 715
"../../../Engine/Content/EditorLandscapeResources/SplineEditorMesh.uexp" 716
"../../../Engine/Content/EngineMaterials/WeightMapPlaceholderTexture.uasset" 717
"../../../Engine/Content/EngineMaterials/WeightMapPlaceholderTexture.uexp" 718
"../../../Engine/Content/EngineMaterials/WeightMapArrayPlaceholderTexture.uasset" 719
"../../../Engine/Content/EngineMaterials/WeightMapArrayPlaceholderTexture.uexp" 720
"../../../Engine/Content/EngineResources/WhiteSquareTexture.uasset" 721
"../../../Engine/Content/EngineResources/WhiteSquareTexture.uexp" 722
"../../../Engine/Content/EngineMaterials/Widget3DPassThrough.uasset" 723
"../../../Engine/Content/EngineMaterials/Widget3DPassThrough.uexp" 724
"../../../Engine/Content/EngineMaterials/Widget3DPassThrough_Masked.uasset" 725
"../../../Engine/Content/EngineMaterials/Widget3DPassThrough_Masked.uexp" 726
"../../../Engine/Content/EngineMaterials/Widget3DPassThrough_Opaque.uasset" 727
"../../../Engine/Content/EngineMaterials/Widget3DPassThrough_Opaque.uexp" 728
"../../../Engine/Content/EngineMaterials/Widget3DPassThrough_Masked_OneSided.uasset" 729
"../../../Engine/Content/EngineMaterials/Widget3DPassThrough_Masked_OneSided.uexp" 730
"../../../Engine/Content/EngineMaterials/Widget3DPassThrough_Opaque_OneSided.uasset" 731
"../../../Engine/Content/EngineMaterials/Widget3DPassThrough_Opaque_OneSided.uexp" 732
"../../../Engine/Content/EngineMaterials/Widget3DPassThrough_Translucent.uasset" 733
"../../../Engine/Content/EngineMaterials/Widget3DPassThrough_Translucent.uexp" 734
"../../../Engine/Content/EngineMaterials/Widget3DPassThrough_Translucent_OneSided.uasset" 735
"../../../Engine/Content/EngineMaterials/Widget3DPassThrough_Translucent_OneSided.uexp" 736
"../../../Engine/Plugins/2D/Paper2D/Content/DefaultSpriteMaterial.uasset" 737
"../../../Engine/Plugins/2D/Paper2D/Content/DefaultSpriteMaterial.uexp" 738
"../../../Engine/Plugins/2D/Paper2D/Content/MaskedUnlitSpriteMaterial.uasset" 739
"../../../Engine/Plugins/2D/Paper2D/Content/MaskedUnlitSpriteMaterial.uexp" 740
"../../../Engine/Plugins/2D/Paper2D/Content/OpaqueUnlitSpriteMaterial.uasset" 741
"../../../Engine/Plugins/2D/Paper2D/Content/OpaqueUnlitSpriteMaterial.uexp" 742
"../../../Engine/Plugins/Animation/ControlRig/Content/Controls/ControlRig_Arrow2_1mm.ubulk" 743
"../../../Engine/Plugins/Animation/ControlRig/Content/Controls/ControlRig_Arrow2_1mm.uasset" 744
"../../../Engine/Plugins/Animation/ControlRig/Content/Controls/ControlRig_Arrow2_1mm.uexp" 745
"../../../Engine/Plugins/Animation/ControlRig/Content/Controls/ControlRig_Arrow2_3mm.ubulk" 746
"../../../Engine/Plugins/Animation/ControlRig/Content/Controls/ControlRig_Arrow2_3mm.uasset" 747
"../../../Engine/Plugins/Animation/ControlRig/Content/Controls/ControlRig_Arrow2_3mm.uexp" 748
"../../../Engine/Plugins/Animation/ControlRig/Content/Controls/ControlRig_Arrow2_solid.ubulk" 749
"../../../Engine/Plugins/Animation/ControlRig/Content/Controls/ControlRig_Arrow2_solid.uasset" 750
"../../../Engine/Plugins/Animation/ControlRig/Content/Controls/ControlRig_Arrow2_solid.uexp" 751
"../../../Engine/Plugins/Animation/ControlRig/Content/Controls/ControlRig_Arrow4_1mm.ubulk" 752
"../../../Engine/Plugins/Animation/ControlRig/Content/Controls/ControlRig_Arrow4_1mm.uasset" 753
"../../../Engine/Plugins/Animation/ControlRig/Content/Controls/ControlRig_Arrow4_1mm.uexp" 754
"../../../Engine/Plugins/Animation/ControlRig/Content/Controls/ControlRig_Arrow4_3mm.ubulk" 755
"../../../Engine/Plugins/Animation/ControlRig/Content/Controls/ControlRig_Arrow4_3mm.uasset" 756
"../../../Engine/Plugins/Animation/ControlRig/Content/Controls/ControlRig_Arrow4_3mm.uexp" 757
"../../../Engine/Plugins/Animation/ControlRig/Content/Controls/ControlRig_Arrow4_solid.ubulk" 758
"../../../Engine/Plugins/Animation/ControlRig/Content/Controls/ControlRig_Arrow4_solid.uasset" 759
"../../../Engine/Plugins/Animation/ControlRig/Content/Controls/ControlRig_Arrow4_solid.uexp" 760
"../../../Engine/Plugins/Animation/ControlRig/Content/Controls/ControlRig_Arrow_1mm.ubulk" 761
"../../../Engine/Plugins/Animation/ControlRig/Content/Controls/ControlRig_Arrow_1mm.uasset" 762
"../../../Engine/Plugins/Animation/ControlRig/Content/Controls/ControlRig_Arrow_1mm.uexp" 763
"../../../Engine/Plugins/Animation/ControlRig/Content/Controls/ControlRig_Arrow_3mm.ubulk" 764
"../../../Engine/Plugins/Animation/ControlRig/Content/Controls/ControlRig_Arrow_3mm.uasset" 765
"../../../Engine/Plugins/Animation/ControlRig/Content/Controls/ControlRig_Arrow_3mm.uexp" 766
"../../../Engine/Plugins/Animation/ControlRig/Content/Controls/ControlRig_Arrow_solid.ubulk" 767
"../../../Engine/Plugins/Animation/ControlRig/Content/Controls/ControlRig_Arrow_solid.uasset" 768
"../../../Engine/Plugins/Animation/ControlRig/Content/Controls/ControlRig_Arrow_solid.uexp" 769
"../../../Engine/Plugins/Animation/ControlRig/Content/Controls/ControlRig_Box_1mm.ubulk" 770
"../../../Engine/Plugins/Animation/ControlRig/Content/Controls/ControlRig_Box_1mm.uasset" 771
"../../../Engine/Plugins/Animation/ControlRig/Content/Controls/ControlRig_Box_1mm.uexp" 772
"../../../Engine/Plugins/Animation/ControlRig/Content/Controls/ControlRig_Box_3mm.ubulk" 773
"../../../Engine/Plugins/Animation/ControlRig/Content/Controls/ControlRig_Box_3mm.uasset" 774
"../../../Engine/Plugins/Animation/ControlRig/Content/Controls/ControlRig_Box_3mm.uexp" 775
"../../../Engine/Plugins/Animation/ControlRig/Content/Controls/ControlRig_Box_solid.ubulk" 776
"../../../Engine/Plugins/Animation/ControlRig/Content/Controls/ControlRig_Box_solid.uasset" 777
"../../../Engine/Plugins/Animation/ControlRig/Content/Controls/ControlRig_Box_solid.uexp" 778
"../../../Engine/Plugins/Animation/ControlRig/Content/Controls/ControlRig_Circle_1mm.ubulk" 779
"../../../Engine/Plugins/Animation/ControlRig/Content/Controls/ControlRig_Circle_1mm.uasset" 780
"../../../Engine/Plugins/Animation/ControlRig/Content/Controls/ControlRig_Circle_1mm.uexp" 781
"../../../Engine/Plugins/Animation/ControlRig/Content/Controls/ControlRig_Circle_3mm.ubulk" 782
"../../../Engine/Plugins/Animation/ControlRig/Content/Controls/ControlRig_Circle_3mm.uasset" 783
"../../../Engine/Plugins/Animation/ControlRig/Content/Controls/ControlRig_Circle_3mm.uexp" 784
"../../../Engine/Plugins/Animation/ControlRig/Content/Controls/ControlRig_Circle_solid.ubulk" 785
"../../../Engine/Plugins/Animation/ControlRig/Content/Controls/ControlRig_Circle_solid.uasset" 786
"../../../Engine/Plugins/Animation/ControlRig/Content/Controls/ControlRig_Circle_solid.uexp" 787
"../../../Engine/Plugins/Animation/ControlRig/Content/Controls/ControlRig_Diamond_1mm.ubulk" 788
"../../../Engine/Plugins/Animation/ControlRig/Content/Controls/ControlRig_Diamond_1mm.uasset" 789
"../../../Engine/Plugins/Animation/ControlRig/Content/Controls/ControlRig_Diamond_1mm.uexp" 790
"../../../Engine/Plugins/Animation/ControlRig/Content/Controls/ControlRig_Diamond_3mm.ubulk" 791
"../../../Engine/Plugins/Animation/ControlRig/Content/Controls/ControlRig_Diamond_3mm.uasset" 792
"../../../Engine/Plugins/Animation/ControlRig/Content/Controls/ControlRig_Diamond_3mm.uexp" 793
"../../../Engine/Plugins/Animation/ControlRig/Content/Controls/ControlRig_Diamond_solid.ubulk" 794
"../../../Engine/Plugins/Animation/ControlRig/Content/Controls/ControlRig_Diamond_solid.uasset" 795
"../../../Engine/Plugins/Animation/ControlRig/Content/Controls/ControlRig_Diamond_solid.uexp" 796
"../../../Engine/Plugins/Animation/ControlRig/Content/Controls/ControlRig_HalfCircle_1mm.ubulk" 797
"../../../Engine/Plugins/Animation/ControlRig/Content/Controls/ControlRig_HalfCircle_1mm.uasset" 798
"../../../Engine/Plugins/Animation/ControlRig/Content/Controls/ControlRig_HalfCircle_1mm.uexp" 799
"../../../Engine/Plugins/Animation/ControlRig/Content/Controls/ControlRig_HalfCircle_3mm.ubulk" 800
"../../../Engine/Plugins/Animation/ControlRig/Content/Controls/ControlRig_HalfCircle_3mm.uasset" 801
"../../../Engine/Plugins/Animation/ControlRig/Content/Controls/ControlRig_HalfCircle_3mm.uexp" 802
"../../../Engine/Plugins/Animation/ControlRig/Content/Controls/ControlRig_HalfCircle_solid.ubulk" 803
"../../../Engine/Plugins/Animation/ControlRig/Content/Controls/ControlRig_HalfCircle_solid.uasset" 804
"../../../Engine/Plugins/Animation/ControlRig/Content/Controls/ControlRig_HalfCircle_solid.uexp" 805
"../../../Engine/Plugins/Animation/ControlRig/Content/Controls/ControlRig_Hexagon_1mm.ubulk" 806
"../../../Engine/Plugins/Animation/ControlRig/Content/Controls/ControlRig_Hexagon_1mm.uasset" 807
"../../../Engine/Plugins/Animation/ControlRig/Content/Controls/ControlRig_Hexagon_1mm.uexp" 808
"../../../Engine/Plugins/Animation/ControlRig/Content/Controls/ControlRig_Hexagon_3mm.ubulk" 809
"../../../Engine/Plugins/Animation/ControlRig/Content/Controls/ControlRig_Hexagon_3mm.uasset" 810
"../../../Engine/Plugins/Animation/ControlRig/Content/Controls/ControlRig_Hexagon_3mm.uexp" 811
"../../../Engine/Plugins/Animation/ControlRig/Content/Controls/ControlRig_Hexagon_solid.ubulk" 812
"../../../Engine/Plugins/Animation/ControlRig/Content/Controls/ControlRig_Hexagon_solid.uasset" 813
"../../../Engine/Plugins/Animation/ControlRig/Content/Controls/ControlRig_Hexagon_solid.uexp" 814
"../../../Engine/Plugins/Animation/ControlRig/Content/Controls/ControlRig_Octagon_1mm.ubulk" 815
"../../../Engine/Plugins/Animation/ControlRig/Content/Controls/ControlRig_Octagon_1mm.uasset" 816
"../../../Engine/Plugins/Animation/ControlRig/Content/Controls/ControlRig_Octagon_1mm.uexp" 817
"../../../Engine/Plugins/Animation/ControlRig/Content/Controls/ControlRig_Octagon_3mm.ubulk" 818
"../../../Engine/Plugins/Animation/ControlRig/Content/Controls/ControlRig_Octagon_3mm.uasset" 819
"../../../Engine/Plugins/Animation/ControlRig/Content/Controls/ControlRig_Octagon_3mm.uexp" 820
"../../../Engine/Plugins/Animation/ControlRig/Content/Controls/ControlRig_Octagon_solid.ubulk" 821
"../../../Engine/Plugins/Animation/ControlRig/Content/Controls/ControlRig_Octagon_solid.uasset" 822
"../../../Engine/Plugins/Animation/ControlRig/Content/Controls/ControlRig_Octagon_solid.uexp" 823
"../../../Engine/Plugins/Animation/ControlRig/Content/Controls/ControlRig_Pyramid_1mm.ubulk" 824
"../../../Engine/Plugins/Animation/ControlRig/Content/Controls/ControlRig_Pyramid_1mm.uasset" 825
"../../../Engine/Plugins/Animation/ControlRig/Content/Controls/ControlRig_Pyramid_1mm.uexp" 826
"../../../Engine/Plugins/Animation/ControlRig/Content/Controls/ControlRig_Pyramid_3mm.ubulk" 827
"../../../Engine/Plugins/Animation/ControlRig/Content/Controls/ControlRig_Pyramid_3mm.uasset" 828
"../../../Engine/Plugins/Animation/ControlRig/Content/Controls/ControlRig_Pyramid_3mm.uexp" 829
"../../../Engine/Plugins/Animation/ControlRig/Content/Controls/ControlRig_Pyramid_solid.ubulk" 830
"../../../Engine/Plugins/Animation/ControlRig/Content/Controls/ControlRig_Pyramid_solid.uasset" 831
"../../../Engine/Plugins/Animation/ControlRig/Content/Controls/ControlRig_Pyramid_solid.uexp" 832
"../../../Engine/Plugins/Animation/ControlRig/Content/Controls/ControlRig_QuarterCircle_1mm.ubulk" 833
"../../../Engine/Plugins/Animation/ControlRig/Content/Controls/ControlRig_QuarterCircle_1mm.uasset" 834
"../../../Engine/Plugins/Animation/ControlRig/Content/Controls/ControlRig_QuarterCircle_1mm.uexp" 835
"../../../Engine/Plugins/Animation/ControlRig/Content/Controls/ControlRig_QuarterCircle_3mm.ubulk" 836
"../../../Engine/Plugins/Animation/ControlRig/Content/Controls/ControlRig_QuarterCircle_3mm.uasset" 837
"../../../Engine/Plugins/Animation/ControlRig/Content/Controls/ControlRig_QuarterCircle_3mm.uexp" 838
"../../../Engine/Plugins/Animation/ControlRig/Content/Controls/ControlRig_QuarterCircle_solid.ubulk" 839
"../../../Engine/Plugins/Animation/ControlRig/Content/Controls/ControlRig_QuarterCircle_solid.uasset" 840
"../../../Engine/Plugins/Animation/ControlRig/Content/Controls/ControlRig_QuarterCircle_solid.uexp" 841
"../../../Engine/Plugins/Animation/ControlRig/Content/Controls/ControlRig_RoundedSquare_1mm.ubulk" 842
"../../../Engine/Plugins/Animation/ControlRig/Content/Controls/ControlRig_RoundedSquare_1mm.uasset" 843
"../../../Engine/Plugins/Animation/ControlRig/Content/Controls/ControlRig_RoundedSquare_1mm.uexp" 844
"../../../Engine/Plugins/Animation/ControlRig/Content/Controls/ControlRig_RoundedSquare_3mm.ubulk" 845
"../../../Engine/Plugins/Animation/ControlRig/Content/Controls/ControlRig_RoundedSquare_3mm.uasset" 846
"../../../Engine/Plugins/Animation/ControlRig/Content/Controls/ControlRig_RoundedSquare_3mm.uexp" 847
"../../../Engine/Plugins/Animation/ControlRig/Content/Controls/ControlRig_RoundedSquare_solid.ubulk" 848
"../../../Engine/Plugins/Animation/ControlRig/Content/Controls/ControlRig_RoundedSquare_solid.uasset" 849
"../../../Engine/Plugins/Animation/ControlRig/Content/Controls/ControlRig_RoundedSquare_solid.uexp" 850
"../../../Engine/Plugins/Animation/ControlRig/Content/Controls/ControlRig_RoundedTriangle_1mm.ubulk" 851
"../../../Engine/Plugins/Animation/ControlRig/Content/Controls/ControlRig_RoundedTriangle_1mm.uasset" 852
"../../../Engine/Plugins/Animation/ControlRig/Content/Controls/ControlRig_RoundedTriangle_1mm.uexp" 853
"../../../Engine/Plugins/Animation/ControlRig/Content/Controls/ControlRig_RoundedTriangle_3mm.ubulk" 854
"../../../Engine/Plugins/Animation/ControlRig/Content/Controls/ControlRig_RoundedTriangle_3mm.uasset" 855
"../../../Engine/Plugins/Animation/ControlRig/Content/Controls/ControlRig_RoundedTriangle_3mm.uexp" 856
"../../../Engine/Plugins/Animation/ControlRig/Content/Controls/ControlRig_RoundedTriangle_solid.ubulk" 857
"../../../Engine/Plugins/Animation/ControlRig/Content/Controls/ControlRig_RoundedTriangle_solid.uasset" 858
"../../../Engine/Plugins/Animation/ControlRig/Content/Controls/ControlRig_RoundedTriangle_solid.uexp" 859
"../../../Engine/Plugins/Animation/ControlRig/Content/Controls/ControlRig_Sphere_1mm.ubulk" 860
"../../../Engine/Plugins/Animation/ControlRig/Content/Controls/ControlRig_Sphere_1mm.uasset" 861
"../../../Engine/Plugins/Animation/ControlRig/Content/Controls/ControlRig_Sphere_1mm.uexp" 862
"../../../Engine/Plugins/Animation/ControlRig/Content/Controls/ControlRig_Sphere_3mm.ubulk" 863
"../../../Engine/Plugins/Animation/ControlRig/Content/Controls/ControlRig_Sphere_3mm.uasset" 864
"../../../Engine/Plugins/Animation/ControlRig/Content/Controls/ControlRig_Sphere_3mm.uexp" 865
"../../../Engine/Plugins/Animation/ControlRig/Content/Controls/ControlRig_Sphere_solid.ubulk" 866
"../../../Engine/Plugins/Animation/ControlRig/Content/Controls/ControlRig_Sphere_solid.uasset" 867
"../../../Engine/Plugins/Animation/ControlRig/Content/Controls/ControlRig_Sphere_solid.uexp" 868
"../../../Engine/Plugins/Animation/ControlRig/Content/Controls/ControlRig_Square_1mm.ubulk" 869
"../../../Engine/Plugins/Animation/ControlRig/Content/Controls/ControlRig_Square_1mm.uasset" 870
"../../../Engine/Plugins/Animation/ControlRig/Content/Controls/ControlRig_Square_1mm.uexp" 871
"../../../Engine/Plugins/Animation/ControlRig/Content/Controls/ControlRig_Square_3mm.ubulk" 872
"../../../Engine/Plugins/Animation/ControlRig/Content/Controls/ControlRig_Square_3mm.uasset" 873
"../../../Engine/Plugins/Animation/ControlRig/Content/Controls/ControlRig_Square_3mm.uexp" 874
"../../../Engine/Plugins/Animation/ControlRig/Content/Controls/ControlRig_Square_solid.ubulk" 875
"../../../Engine/Plugins/Animation/ControlRig/Content/Controls/ControlRig_Square_solid.uasset" 876
"../../../Engine/Plugins/Animation/ControlRig/Content/Controls/ControlRig_Square_solid.uexp" 877
"../../../Engine/Plugins/Animation/ControlRig/Content/Controls/ControlRig_Star4_1mm.ubulk" 878
"../../../Engine/Plugins/Animation/ControlRig/Content/Controls/ControlRig_Star4_1mm.uasset" 879
"../../../Engine/Plugins/Animation/ControlRig/Content/Controls/ControlRig_Star4_1mm.uexp" 880
"../../../Engine/Plugins/Animation/ControlRig/Content/Controls/ControlRig_Star4_3mm.ubulk" 881
"../../../Engine/Plugins/Animation/ControlRig/Content/Controls/ControlRig_Star4_3mm.uasset" 882
"../../../Engine/Plugins/Animation/ControlRig/Content/Controls/ControlRig_Star4_3mm.uexp" 883
"../../../Engine/Plugins/Animation/ControlRig/Content/Controls/ControlRig_Star4_solid.ubulk" 884
"../../../Engine/Plugins/Animation/ControlRig/Content/Controls/ControlRig_Star4_solid.uasset" 885
"../../../Engine/Plugins/Animation/ControlRig/Content/Controls/ControlRig_Star4_solid.uexp" 886
"../../../Engine/Plugins/Animation/ControlRig/Content/Controls/ControlRig_Triangle_1mm.ubulk" 887
"../../../Engine/Plugins/Animation/ControlRig/Content/Controls/ControlRig_Triangle_1mm.uasset" 888
"../../../Engine/Plugins/Animation/ControlRig/Content/Controls/ControlRig_Triangle_1mm.uexp" 889
"../../../Engine/Plugins/Animation/ControlRig/Content/Controls/ControlRig_Triangle_3mm.ubulk" 890
"../../../Engine/Plugins/Animation/ControlRig/Content/Controls/ControlRig_Triangle_3mm.uasset" 891
"../../../Engine/Plugins/Animation/ControlRig/Content/Controls/ControlRig_Triangle_3mm.uexp" 892
"../../../Engine/Plugins/Animation/ControlRig/Content/Controls/ControlRig_Triangle_solid.ubulk" 893
"../../../Engine/Plugins/Animation/ControlRig/Content/Controls/ControlRig_Triangle_solid.uasset" 894
"../../../Engine/Plugins/Animation/ControlRig/Content/Controls/ControlRig_Triangle_solid.uexp" 895
"../../../Engine/Plugins/Animation/ControlRig/Content/Controls/ControlRig_Wedge_1mm.ubulk" 896
"../../../Engine/Plugins/Animation/ControlRig/Content/Controls/ControlRig_Wedge_1mm.uasset" 897
"../../../Engine/Plugins/Animation/ControlRig/Content/Controls/ControlRig_Wedge_1mm.uexp" 898
"../../../Engine/Plugins/Animation/ControlRig/Content/Controls/ControlRig_Wedge_3mm.ubulk" 899
"../../../Engine/Plugins/Animation/ControlRig/Content/Controls/ControlRig_Wedge_3mm.uasset" 900
"../../../Engine/Plugins/Animation/ControlRig/Content/Controls/ControlRig_Wedge_3mm.uexp" 901
"../../../Engine/Plugins/Animation/ControlRig/Content/Controls/ControlRig_Wedge_solid.ubulk" 902
"../../../Engine/Plugins/Animation/ControlRig/Content/Controls/ControlRig_Wedge_solid.uasset" 903
"../../../Engine/Plugins/Animation/ControlRig/Content/Controls/ControlRig_Wedge_solid.uexp" 904
"../../../Engine/Plugins/Media/MediaPlate/Content/SM_MediaPlateScreen.ubulk" 905
"../../../Engine/Plugins/Media/MediaPlate/Content/SM_MediaPlateScreen.uasset" 906
"../../../Engine/Plugins/Media/MediaPlate/Content/SM_MediaPlateScreen.uexp" 907
"../../../Engine/Plugins/NNE/NNEDenoiser/Content/NNEDIM_ColorAlbedoNormal_Alpha.uasset" 908
"../../../Engine/Plugins/NNE/NNEDenoiser/Content/NNEDIM_ColorAlbedoNormal_Alpha.uexp" 909
"../../../Engine/Plugins/NNE/NNEDenoiser/Content/NNEDIM_ColorAlbedoNormal_Default.uasset" 910
"../../../Engine/Plugins/NNE/NNEDenoiser/Content/NNEDIM_ColorAlbedoNormal_Default.uexp" 911
"../../../Engine/Plugins/NNE/NNEDenoiser/Content/NNEDIM_HighQuality_Alpha.uasset" 912
"../../../Engine/Plugins/NNE/NNEDenoiser/Content/NNEDIM_HighQuality_Alpha.uexp" 913
"../../../Engine/Plugins/NNE/NNEDenoiser/Content/NNEDIM_HighQuality_Default.uasset" 914
"../../../Engine/Plugins/NNE/NNEDenoiser/Content/NNEDIM_HighQuality_Default.uexp" 915
"../../../Engine/Plugins/NNE/NNEDenoiser/Content/NNEDOM_Output_Alpha.uasset" 916
"../../../Engine/Plugins/NNE/NNEDenoiser/Content/NNEDOM_Output_Alpha.uexp" 917
"../../../Engine/Plugins/NNE/NNEDenoiser/Content/NNEDOM_Output_Default.uasset" 918
"../../../Engine/Plugins/NNE/NNEDenoiser/Content/NNEDOM_Output_Default.uexp" 919
"../../../Engine/Plugins/NNE/NNEDenoiser/Content/NNEDTIM_ColorAlbedoNormal_Alpha.uasset" 920
"../../../Engine/Plugins/NNE/NNEDenoiser/Content/NNEDTIM_ColorAlbedoNormal_Alpha.uexp" 921
"../../../Engine/Plugins/NNE/NNEDenoiser/Content/NNEDTIM_ColorAlbedoNormal_Default.uasset" 922
"../../../Engine/Plugins/NNE/NNEDenoiser/Content/NNEDTIM_ColorAlbedoNormal_Default.uexp" 923
"../../../Engine/Plugins/NNE/NNEDenoiser/Content/NNEDTOM_Output_Alpha.uasset" 924
"../../../Engine/Plugins/NNE/NNEDenoiser/Content/NNEDTOM_Output_Alpha.uexp" 925
"../../../Engine/Plugins/NNE/NNEDenoiser/Content/NNEDTOM_Output_Default.uasset" 926
"../../../Engine/Plugins/NNE/NNEDenoiser/Content/NNEDTOM_Output_Default.uexp" 927
"../../../Engine/Content/Functions/Engine_MaterialFunctions02/Texturing/CustomRotator.uasset" 928
"../../../Engine/Content/Functions/Engine_MaterialFunctions02/Texturing/CustomRotator.uexp" 929
"../../../Engine/Content/Functions/Engine_MaterialFunctions01/Texturing/ScaleUVsByCenter.uasset" 930
"../../../Engine/Content/Functions/Engine_MaterialFunctions01/Texturing/ScaleUVsByCenter.uexp" 931
"../../../Engine/Content/Functions/Engine_MaterialFunctions01/Gradient/GeneratedRoundRect.uasset" 932
"../../../Engine/Content/Functions/Engine_MaterialFunctions01/Gradient/GeneratedRoundRect.uexp" 933
"../../../Engine/Content/Functions/Engine_MaterialFunctions01/Gradient/SphereGradient-2D.uasset" 934
"../../../Engine/Content/Functions/Engine_MaterialFunctions01/Gradient/SphereGradient-2D.uexp" 935
"../../../Engine/Plugins/Runtime/AudioWidgets/Content/AudioMaterialSlate/Functions/MF_DotOutlined.uasset" 936
"../../../Engine/Plugins/Runtime/AudioWidgets/Content/AudioMaterialSlate/Functions/MF_DotOutlined.uexp" 937
"../../../Engine/Plugins/Runtime/AudioWidgets/Content/AudioMaterialSlate/M_AudioMaterialEnvelope_ADSR.uasset" 938
"../../../Engine/Plugins/Runtime/AudioWidgets/Content/AudioMaterialSlate/M_AudioMaterialEnvelope_ADSR.uexp" 939
"../../../Engine/Plugins/Runtime/AudioWidgets/Content/AudioMaterialSlate/MI_AudioMaterialEnvelope_ADSR.uasset" 940
"../../../Engine/Plugins/Runtime/AudioWidgets/Content/AudioMaterialSlate/MI_AudioMaterialEnvelope_ADSR.uexp" 941
"../../../Engine/Plugins/Runtime/AudioWidgets/Content/AudioMaterialSlate/Functions/MF_SingleLine_Smooth.uasset" 942
"../../../Engine/Plugins/Runtime/AudioWidgets/Content/AudioMaterialSlate/Functions/MF_SingleLine_Smooth.uexp" 943
"../../../Engine/Plugins/Runtime/AudioWidgets/Content/AudioMaterialSlate/Functions/MF_AngleGradient.uasset" 944
"../../../Engine/Plugins/Runtime/AudioWidgets/Content/AudioMaterialSlate/Functions/MF_AngleGradient.uexp" 945
"../../../Engine/Content/Functions/Engine_MaterialFunctions02/Lerp_3Color.uasset" 946
"../../../Engine/Content/Functions/Engine_MaterialFunctions02/Lerp_3Color.uexp" 947
"../../../Engine/Plugins/Runtime/AudioWidgets/Content/AudioMaterialSlate/M_AudioMaterialKnob.uasset" 948
"../../../Engine/Plugins/Runtime/AudioWidgets/Content/AudioMaterialSlate/M_AudioMaterialKnob.uexp" 949
"../../../Engine/Plugins/Runtime/AudioWidgets/Content/AudioMaterialSlate/MI_AudioMaterialKnob.uasset" 950
"../../../Engine/Plugins/Runtime/AudioWidgets/Content/AudioMaterialSlate/MI_AudioMaterialKnob.uexp" 951
"../../../Engine/Plugins/Runtime/AudioWidgets/Content/AudioMaterialSlate/Functions/MF_Lines.uasset" 952
"../../../Engine/Plugins/Runtime/AudioWidgets/Content/AudioMaterialSlate/Functions/MF_Lines.uexp" 953
"../../../Engine/Plugins/Runtime/AudioWidgets/Content/AudioMaterialSlate/M_AudioMaterialMeter.uasset" 954
"../../../Engine/Plugins/Runtime/AudioWidgets/Content/AudioMaterialSlate/M_AudioMaterialMeter.uexp" 955
"../../../Engine/Plugins/Runtime/AudioWidgets/Content/AudioMaterialSlate/MI_AudioMaterialMeter.uasset" 956
"../../../Engine/Plugins/Runtime/AudioWidgets/Content/AudioMaterialSlate/MI_AudioMaterialMeter.uexp" 957
"../../../Engine/Plugins/Runtime/AudioWidgets/Content/AudioMaterialSlate/M_AudioMaterialRoundedSlider.uasset" 958
"../../../Engine/Plugins/Runtime/AudioWidgets/Content/AudioMaterialSlate/M_AudioMaterialRoundedSlider.uexp" 959
"../../../Engine/Plugins/Runtime/AudioWidgets/Content/AudioMaterialSlate/MI_AudioMaterialRoundedSlider.uasset" 960
"../../../Engine/Plugins/Runtime/AudioWidgets/Content/AudioMaterialSlate/MI_AudioMaterialRoundedSlider.uexp" 961
"../../../Engine/Plugins/Runtime/AudioWidgets/Content/AudioMaterialSlate/Functions/MF_SingleLine.uasset" 962
"../../../Engine/Plugins/Runtime/AudioWidgets/Content/AudioMaterialSlate/Functions/MF_SingleLine.uexp" 963
"../../../Engine/Plugins/Runtime/AudioWidgets/Content/AudioMaterialSlate/M_AudioMaterialToggleButton.uasset" 964
"../../../Engine/Plugins/Runtime/AudioWidgets/Content/AudioMaterialSlate/M_AudioMaterialToggleButton.uexp" 965
"../../../Engine/Plugins/Runtime/AudioWidgets/Content/AudioMaterialSlate/MI_AudioMaterialToggleButton.uasset" 966
"../../../Engine/Plugins/Runtime/AudioWidgets/Content/AudioMaterialSlate/MI_AudioMaterialToggleButton.uexp" 967
"../../../Engine/Content/VREditor/TransformGizmo/Main.uasset" 968
"../../../Engine/Content/VREditor/TransformGizmo/Main.uexp" 969
"../../../Engine/Content/VREditor/TransformGizmo/Xray.uasset" 970
"../../../Engine/Content/VREditor/TransformGizmo/Xray.uexp" 971
"../../../Engine/Content/VREditor/TransformGizmo/SM_Sequencer_Node.ubulk" 972
"../../../Engine/Content/VREditor/TransformGizmo/SM_Sequencer_Node.uasset" 973
"../../../Engine/Content/VREditor/TransformGizmo/SM_Sequencer_Node.uexp" 974
"../../../Engine/Content/VREditor/LaserPointer/VR_LaserPower_01.ubulk" 975
"../../../Engine/Content/VREditor/LaserPointer/VR_LaserPower_01.uasset" 976
"../../../Engine/Content/VREditor/LaserPointer/VR_LaserPower_01.uexp" 977
"../../../Engine/Content/VREditor/TransformGizmo/TransformGizmoMaterial.uasset" 978
"../../../Engine/Content/VREditor/TransformGizmo/TransformGizmoMaterial.uexp" 979
"../../../Engine/Content/VREditor/TransformGizmo/TranslucentTransformGizmoMaterial.uasset" 980
"../../../Engine/Content/VREditor/TransformGizmo/TranslucentTransformGizmoMaterial.uexp" 981
"../../../Engine/Content/VREditor/TransformGizmo/BoundingBoxEdge.ubulk" 982
"../../../Engine/Content/VREditor/TransformGizmo/BoundingBoxEdge.uasset" 983
"../../../Engine/Content/VREditor/TransformGizmo/BoundingBoxEdge.uexp" 984
"../../../Engine/Content/VREditor/TransformGizmo/BoundingBoxCorner.ubulk" 985
"../../../Engine/Content/VREditor/TransformGizmo/BoundingBoxCorner.uasset" 986
"../../../Engine/Content/VREditor/TransformGizmo/BoundingBoxCorner.uexp" 987
"../../../Engine/Content/ArtTools/RenderToTexture/Meshes/S_1_Unit_Plane.ubulk" 988
"../../../Engine/Content/ArtTools/RenderToTexture/Meshes/S_1_Unit_Plane.uasset" 989
"../../../Engine/Content/ArtTools/RenderToTexture/Meshes/S_1_Unit_Plane.uexp" 990
"../../../Engine/Plugins/NNE/NNEDenoiser/Content/NNE_oidn2-3-0_rt_hdr_calb_cnrm_large__dyn__fp16_opset11_ForwardAlpha.uasset" 991
"../../../Engine/Plugins/NNE/NNEDenoiser/Content/NNE_oidn2-3-0_rt_hdr_calb_cnrm_large__dyn__fp16_opset11_ForwardAlpha.uexp" 992
"../../../Engine/Plugins/NNE/NNEDenoiser/Content/NNE_oidn2-3-0_rt_hdr_calb_cnrm_large__dyn__fp16_opset11_DenoiseAlpha.uasset" 993
"../../../Engine/Plugins/NNE/NNEDenoiser/Content/NNE_oidn2-3-0_rt_hdr_calb_cnrm_large__dyn__fp16_opset11_DenoiseAlpha.uexp" 994
"../../../Engine/Plugins/NNE/NNEDenoiser/Content/NNE_oidn2-3-0_rt_hdr_alb_nrm__dyn__fp16_opset11_ForwardAlpha.uasset" 995
"../../../Engine/Plugins/NNE/NNEDenoiser/Content/NNE_oidn2-3-0_rt_hdr_alb_nrm__dyn__fp16_opset11_ForwardAlpha.uexp" 996
"../../../Engine/Plugins/NNE/NNEDenoiser/Content/NNE_oidn2-3-0_rt_hdr_alb_nrm__dyn__fp16_opset11_DenoiseAlpha.uasset" 997
"../../../Engine/Plugins/NNE/NNEDenoiser/Content/NNE_oidn2-3-0_rt_hdr_alb_nrm__dyn__fp16_opset11_DenoiseAlpha.uexp" 998
"../../../Engine/Plugins/NNE/NNEDenoiser/Content/NNE_oidn2-3-0_rt_hdr_alb_nrm_small__dyn__fp16_opset11_ForwardAlpha.uasset" 999
"../../../Engine/Plugins/NNE/NNEDenoiser/Content/NNE_oidn2-3-0_rt_hdr_alb_nrm_small__dyn__fp16_opset11_ForwardAlpha.uexp" 1000
"../../../Engine/Plugins/NNE/NNEDenoiser/Content/NNE_oidn2-3-0_rt_hdr_alb_nrm_small__dyn__fp16_opset11_DenoiseAlpha.uasset" 1001
"../../../Engine/Plugins/NNE/NNEDenoiser/Content/NNE_oidn2-3-0_rt_hdr_alb_nrm_small__dyn__fp16_opset11_DenoiseAlpha.uexp" 1002
"../../../Engine/Plugins/NNE/NNEDenoiser/Content/NNED_Oidn2-3_HighQuality_Alpha.uasset" 1003
"../../../Engine/Plugins/NNE/NNEDenoiser/Content/NNED_Oidn2-3_HighQuality_Alpha.uexp" 1004
"../../../Engine/Plugins/NNE/NNEDenoiser/Content/NNED_Oidn2-3_HighQuality.uasset" 1005
"../../../Engine/Plugins/NNE/NNEDenoiser/Content/NNED_Oidn2-3_HighQuality.uexp" 1006
"../../../Engine/Plugins/NNE/NNEDenoiser/Content/NNED_Oidn2-3_Fast_Alpha.uasset" 1007
"../../../Engine/Plugins/NNE/NNEDenoiser/Content/NNED_Oidn2-3_Fast_Alpha.uexp" 1008
"../../../Engine/Plugins/NNE/NNEDenoiser/Content/NNED_Oidn2-3_Fast.uasset" 1009
"../../../Engine/Plugins/NNE/NNEDenoiser/Content/NNED_Oidn2-3_Fast.uexp" 1010
"../../../Engine/Plugins/NNE/NNEDenoiser/Content/NNED_Oidn2-3_Balanced_Alpha.uasset" 1011
"../../../Engine/Plugins/NNE/NNEDenoiser/Content/NNED_Oidn2-3_Balanced_Alpha.uexp" 1012
"../../../Engine/Plugins/NNE/NNEDenoiser/Content/NNED_Oidn2-3_Balanced.uasset" 1013
"../../../Engine/Plugins/NNE/NNEDenoiser/Content/NNED_Oidn2-3_Balanced.uexp" 1014
"../../../Engine/Plugins/NNE/NNEDenoiser/Content/NNEDT_Oidn2-3_Balanced_Alpha.uasset" 1015
"../../../Engine/Plugins/NNE/NNEDenoiser/Content/NNEDT_Oidn2-3_Balanced_Alpha.uexp" 1016
"../../../Engine/Plugins/NNE/NNEDenoiser/Content/NNEDT_Oidn2-3_Balanced.uasset" 1017
"../../../Engine/Plugins/NNE/NNEDenoiser/Content/NNEDT_Oidn2-3_Balanced.uexp" 1018
"../../../Engine/Plugins/Animation/DeformerGraph/Content/Deformers/DG_LinearBlendSkin_Morph_Cloth_RecomputeNormals.uasset" 1019
"../../../Engine/Plugins/Animation/DeformerGraph/Content/Deformers/DG_LinearBlendSkin_Morph_Cloth_RecomputeNormals.uexp" 1020
"../../../Engine/Plugins/Animation/DeformerGraph/Content/Deformers/DG_LinearBlendSkin_Morph_Cloth.uasset" 1021
"../../../Engine/Plugins/Animation/DeformerGraph/Content/Deformers/DG_LinearBlendSkin_Morph_Cloth.uexp" 1022
"../../../Engine/Plugins/Animation/DeformerGraph/Content/DeformerFunctions/DG_Function_LinearBlendSkin_Morph_Cloth_PositionOnly.uasset" 1023
"../../../Engine/Plugins/Animation/DeformerGraph/Content/DeformerFunctions/DG_Function_LinearBlendSkin_Morph_Cloth_PositionOnly.uexp" 1024
"../../../Engine/Plugins/Animation/DeformerGraph/Content/DeformerFunctions/DG_Function_LinearBlendSkin_Morph_Cloth.uasset" 1025
"../../../Engine/Plugins/Animation/DeformerGraph/Content/DeformerFunctions/DG_Function_LinearBlendSkin_Morph_Cloth.uexp" 1026
"../../../Engine/Plugins/Animation/DeformerGraph/Content/DeformerFunctions/DG_Function_ComputeNormalsTangents.uasset" 1027
"../../../Engine/Plugins/Animation/DeformerGraph/Content/DeformerFunctions/DG_Function_ComputeNormalsTangents.uexp" 1028
"../../../Engine/Content/VREditor/TransformGizmo/StartRotationHandleIndicator.ubulk" 1029
"../../../Engine/Content/VREditor/TransformGizmo/StartRotationHandleIndicator.uasset" 1030
"../../../Engine/Content/VREditor/TransformGizmo/StartRotationHandleIndicator.uexp" 1031
"../../../Engine/Content/VREditor/Sounds/UI/Drop_Item_From_ContentBrowser.ubulk" 1032
"../../../Engine/Content/VREditor/Sounds/UI/Drop_Item_From_ContentBrowser.uasset" 1033
"../../../Engine/Content/VREditor/Sounds/UI/Drop_Item_From_ContentBrowser.uexp" 1034
"../../../Engine/Content/VREditor/TransformGizmo/PlaneTranslationHandle.ubulk" 1035
"../../../Engine/Content/VREditor/TransformGizmo/PlaneTranslationHandle.uasset" 1036
"../../../Engine/Content/VREditor/TransformGizmo/PlaneTranslationHandle.uexp" 1037
"../../../Engine/Content/VREditor/Sounds/UI/Object_Snaps_To_Grid.ubulk" 1038
"../../../Engine/Content/VREditor/Sounds/UI/Object_Snaps_To_Grid.uasset" 1039
"../../../Engine/Content/VREditor/Sounds/UI/Object_Snaps_To_Grid.uexp" 1040
"../../../Engine/Content/VREditor/Sounds/UI/Selection_Changes.ubulk" 1041
"../../../Engine/Content/VREditor/Sounds/UI/Selection_Changes.uasset" 1042
"../../../Engine/Content/VREditor/Sounds/UI/Selection_Changes.uexp" 1043
"../../../Engine/Content/VREditor/Sounds/UI/Object_Snaps_To_Another_Actor.ubulk" 1044
"../../../Engine/Content/VREditor/Sounds/UI/Object_Snaps_To_Another_Actor.uasset" 1045
"../../../Engine/Content/VREditor/Sounds/UI/Object_Snaps_To_Another_Actor.uexp" 1046
"../../../Engine/Content/VREditor/TransformGizmo/TranslucentTransformGizmoMaterial_Inst.uasset" 1047
"../../../Engine/Content/VREditor/TransformGizmo/TranslucentTransformGizmoMaterial_Inst.uexp" 1048
"../../../Engine/Content/VREditor/TransformGizmo/TransformGizmoFreeRotation.ubulk" 1049
"../../../Engine/Content/VREditor/TransformGizmo/TransformGizmoFreeRotation.uasset" 1050
"../../../Engine/Content/VREditor/TransformGizmo/TransformGizmoFreeRotation.uexp" 1051
"../../../Engine/Content/VREditor/Sounds/UI/Scaling_Down.ubulk" 1052
"../../../Engine/Content/VREditor/Sounds/UI/Scaling_Down.uasset" 1053
"../../../Engine/Content/VREditor/Sounds/UI/Scaling_Down.uexp" 1054
"../../../Engine/Content/Functions/Engine_MaterialFunctions02/SplitComponents.uasset" 1055
"../../../Engine/Content/Functions/Engine_MaterialFunctions02/SplitComponents.uexp" 1056
"../../../Engine/Content/VREditor/SnapGrid/SnapGridMaterial.uasset" 1057
"../../../Engine/Content/VREditor/SnapGrid/SnapGridMaterial.uexp" 1058
"../../../Engine/Content/VREditor/SnapGrid/SnapGridPlaneMesh.ubulk" 1059
"../../../Engine/Content/VREditor/SnapGrid/SnapGridPlaneMesh.uasset" 1060
"../../../Engine/Content/VREditor/SnapGrid/SnapGridPlaneMesh.uexp" 1061
"../../../Engine/Content/VREditor/Sounds/UI/Scaling_Up.ubulk" 1062
"../../../Engine/Content/VREditor/Sounds/UI/Scaling_Up.uasset" 1063
"../../../Engine/Content/VREditor/Sounds/UI/Scaling_Up.uexp" 1064
"../../../Engine/Content/VREditor/TransformGizmo/TransformGizmoMaterial_Inst.uasset" 1065
"../../../Engine/Content/VREditor/TransformGizmo/TransformGizmoMaterial_Inst.uexp" 1066
"../../../Engine/Content/VREditor/Sounds/UI/Gizmo_Handle_Clicked.ubulk" 1067
"../../../Engine/Content/VREditor/Sounds/UI/Gizmo_Handle_Clicked.uasset" 1068
"../../../Engine/Content/VREditor/Sounds/UI/Gizmo_Handle_Clicked.uexp" 1069
"../../../Engine/Content/VREditor/TransformGizmo/RotationHandleQuarter.ubulk" 1070
"../../../Engine/Content/VREditor/TransformGizmo/RotationHandleQuarter.uasset" 1071
"../../../Engine/Content/VREditor/TransformGizmo/RotationHandleQuarter.uexp" 1072
"../../../Engine/Content/VREditor/TransformGizmo/TranslateArrowHandle.ubulk" 1073
"../../../Engine/Content/VREditor/TransformGizmo/TranslateArrowHandle.uasset" 1074
"../../../Engine/Content/VREditor/TransformGizmo/TranslateArrowHandle.uexp" 1075
"../../../Engine/Content/VREditor/TransformGizmo/RotationHandleIndicator.ubulk" 1076
"../../../Engine/Content/VREditor/TransformGizmo/RotationHandleIndicator.uasset" 1077
"../../../Engine/Content/VREditor/TransformGizmo/RotationHandleIndicator.uexp" 1078
"../../../Engine/Content/VREditor/TransformGizmo/UniformScaleHandle.ubulk" 1079
"../../../Engine/Content/VREditor/TransformGizmo/UniformScaleHandle.uasset" 1080
"../../../Engine/Content/VREditor/TransformGizmo/UniformScaleHandle.uexp" 1081
"../../../Engine/Content/VREditor/TransformGizmo/RotationHandleFull.ubulk" 1082
"../../../Engine/Content/VREditor/TransformGizmo/RotationHandleFull.uasset" 1083
"../../../Engine/Content/VREditor/TransformGizmo/RotationHandleFull.uexp" 1084
"../../../Engine/Content/VREditor/Sounds/UI/Object_PickUp.ubulk" 1085
"../../../Engine/Content/VREditor/Sounds/UI/Object_PickUp.uasset" 1086
"../../../Engine/Content/VREditor/Sounds/UI/Object_PickUp.uexp" 1087
"../../../Engine/Content/EngineResources/LandscapeVisibilityLayerInfo.uasset" 1088
"../../../Engine/Content/EngineResources/LandscapeVisibilityLayerInfo.uexp" 1089
"C:/Users/gunne/Documents/Unreal Projects/Part2/Content/ThirdPerson/Maps/Assets/AS_ComputerRoom/ImphenziaPalette01-256-Gradient.ubulk" 1090
"C:/Users/gunne/Documents/Unreal Projects/Part2/Content/ThirdPerson/Maps/Assets/AS_ComputerRoom/ImphenziaPalette01-256-Gradient.uasset" 1091
"C:/Users/gunne/Documents/Unreal Projects/Part2/Content/ThirdPerson/Maps/Assets/AS_ComputerRoom/ImphenziaPalette01-256-Gradient.uexp" 1092
"C:/Users/gunne/Documents/Unreal Projects/Part2/Content/ThirdPerson/Maps/Assets/AS_ComputerRoom/ImphenziaPalette01-256-Gradient_Mat.uasset" 1093
"C:/Users/gunne/Documents/Unreal Projects/Part2/Content/ThirdPerson/Maps/Assets/AS_ComputerRoom/ImphenziaPalette01-256-Gradient_Mat.uexp" 1094
"C:/Users/gunne/Documents/Unreal Projects/Part2/Content/ThirdPerson/Maps/Assets/AS_ComputerRoom/normal_.uasset" 1095
"C:/Users/gunne/Documents/Unreal Projects/Part2/Content/ThirdPerson/Maps/Assets/AS_ComputerRoom/normal_.uexp" 1096
"C:/Users/gunne/Documents/Unreal Projects/Part2/Content/ThirdPerson/Maps/Assets/AS_ComputerRoom/ImphenziaPalette01-256-Gradient1.ubulk" 1097
"C:/Users/gunne/Documents/Unreal Projects/Part2/Content/ThirdPerson/Maps/Assets/AS_ComputerRoom/ImphenziaPalette01-256-Gradient1.uasset" 1098
"C:/Users/gunne/Documents/Unreal Projects/Part2/Content/ThirdPerson/Maps/Assets/AS_ComputerRoom/ImphenziaPalette01-256-Gradient1.uexp" 1099
"C:/Users/gunne/Documents/Unreal Projects/Part2/Content/ThirdPerson/Maps/Assets/AS_ComputerRoom/ImphenziaPalette01-256-Gradient1_Mat.uasset" 1100
"C:/Users/gunne/Documents/Unreal Projects/Part2/Content/ThirdPerson/Maps/Assets/AS_ComputerRoom/ImphenziaPalette01-256-Gradient1_Mat.uexp" 1101
"C:/Users/gunne/Documents/Unreal Projects/Part2/Content/ThirdPerson/Maps/Assets/AS_ComputerRoom/metalic_mat.uasset" 1102
"C:/Users/gunne/Documents/Unreal Projects/Part2/Content/ThirdPerson/Maps/Assets/AS_ComputerRoom/metalic_mat.uexp" 1103
"C:/Users/gunne/Documents/Unreal Projects/Part2/Content/ThirdPerson/Maps/Assets/AS_ComputerRoom/SM_USB1.ubulk" 1104
"C:/Users/gunne/Documents/Unreal Projects/Part2/Content/ThirdPerson/Maps/Assets/AS_ComputerRoom/SM_USB1.uasset" 1105
"C:/Users/gunne/Documents/Unreal Projects/Part2/Content/ThirdPerson/Maps/Assets/AS_ComputerRoom/SM_USB1.uexp" 1106
"C:/Users/gunne/Documents/Unreal Projects/Part2/Content/ThirdPerson/Maps/Assets/AS_Puzzles/SM_Button_Blueprint.uasset" 1107
"C:/Users/gunne/Documents/Unreal Projects/Part2/Content/ThirdPerson/Maps/Assets/AS_Puzzles/SM_Button_Blueprint.uexp" 1108
"C:/Users/gunne/Documents/Unreal Projects/Part2/Content/ThirdPerson/Maps/Assets/AS_Puzzles/BP_PuzzleLight.uasset" 1109
"C:/Users/gunne/Documents/Unreal Projects/Part2/Content/ThirdPerson/Maps/Assets/AS_Puzzles/BP_PuzzleLight.uexp" 1110
"C:/Users/gunne/Documents/Unreal Projects/Part2/Content/LevelPrototyping/Textures/T_GridChecker_A.ubulk" 1111
"C:/Users/gunne/Documents/Unreal Projects/Part2/Content/LevelPrototyping/Textures/T_GridChecker_A.uasset" 1112
"C:/Users/gunne/Documents/Unreal Projects/Part2/Content/LevelPrototyping/Textures/T_GridChecker_A.uexp" 1113
"../../../Engine/Content/Functions/Engine_MaterialFunctions01/Gradient/LinearGradient.uasset" 1114
"../../../Engine/Content/Functions/Engine_MaterialFunctions01/Gradient/LinearGradient.uexp" 1115
"../../../Engine/Content/Functions/Engine_MaterialFunctions01/ImageAdjustment/CheapContrast.uasset" 1116
"../../../Engine/Content/Functions/Engine_MaterialFunctions01/ImageAdjustment/CheapContrast.uexp" 1117
"C:/Users/gunne/Documents/Unreal Projects/Part2/Content/LevelPrototyping/Materials/MF_ProcGrid.uasset" 1118
"C:/Users/gunne/Documents/Unreal Projects/Part2/Content/LevelPrototyping/Materials/MF_ProcGrid.uexp" 1119
"C:/Users/gunne/Documents/Unreal Projects/Part2/Content/LevelPrototyping/Materials/M_PrototypeGrid.uasset" 1120
"C:/Users/gunne/Documents/Unreal Projects/Part2/Content/LevelPrototyping/Materials/M_PrototypeGrid.uexp" 1121
"C:/Users/gunne/Documents/Unreal Projects/Part2/Content/LevelPrototyping/Materials/MI_PrototypeGrid_Gray.uasset" 1122
"C:/Users/gunne/Documents/Unreal Projects/Part2/Content/LevelPrototyping/Materials/MI_PrototypeGrid_Gray.uexp" 1123
"C:/Users/gunne/Documents/Unreal Projects/Part2/Content/LevelPrototyping/Meshes/SM_Cube.ubulk" 1124
"C:/Users/gunne/Documents/Unreal Projects/Part2/Content/LevelPrototyping/Meshes/SM_Cube.uasset" 1125
"C:/Users/gunne/Documents/Unreal Projects/Part2/Content/LevelPrototyping/Meshes/SM_Cube.uexp" 1126
"../../../Engine/Content/Tutorial/SubEditors/TutorialAssets/Character/TutorialTPP_Mat.uasset" 1127
"../../../Engine/Content/Tutorial/SubEditors/TutorialAssets/Character/TutorialTPP_Mat.uexp" 1128
"../../../Engine/Content/EngineDebugMaterials/WireframeMaterial.uasset" 1129
"../../../Engine/Content/EngineDebugMaterials/WireframeMaterial.uexp" 1130
"../../../Engine/Content/VREditor/Devices/STEM/STEMControllerDiffuse.ubulk" 1131
"../../../Engine/Content/VREditor/Devices/STEM/STEMControllerDiffuse.uasset" 1132
"../../../Engine/Content/VREditor/Devices/STEM/STEMControllerDiffuse.uexp" 1133
"../../../Engine/Content/VREditor/Devices/STEM/STEMControllerNormal.ubulk" 1134
"../../../Engine/Content/VREditor/Devices/STEM/STEMControllerNormal.uasset" 1135
"../../../Engine/Content/VREditor/Devices/STEM/STEMControllerNormal.uexp" 1136
"../../../Engine/Content/VREditor/Devices/STEM/STEMControllerMat.uasset" 1137
"../../../Engine/Content/VREditor/Devices/STEM/STEMControllerMat.uexp" 1138
"C:/Users/gunne/Documents/Unreal Projects/Part2/Content/ThirdPerson/Maps/Assets/AS_ComputerRoom/SM_USB.ubulk" 1139
"C:/Users/gunne/Documents/Unreal Projects/Part2/Content/ThirdPerson/Maps/Assets/AS_ComputerRoom/SM_USB.uasset" 1140
"C:/Users/gunne/Documents/Unreal Projects/Part2/Content/ThirdPerson/Maps/Assets/AS_ComputerRoom/SM_USB.uexp" 1141
"C:/Users/gunne/Documents/Unreal Projects/Part2/Content/LevelPrototyping/Meshes/SM_QuarterCylinder.ubulk" 1142
"C:/Users/gunne/Documents/Unreal Projects/Part2/Content/LevelPrototyping/Meshes/SM_QuarterCylinder.uasset" 1143
"C:/Users/gunne/Documents/Unreal Projects/Part2/Content/LevelPrototyping/Meshes/SM_QuarterCylinder.uexp" 1144
"C:/Users/gunne/Documents/Unreal Projects/Part2/Content/LevelPrototyping/Materials/MI_PrototypeGrid_TopDark.uasset" 1145
"C:/Users/gunne/Documents/Unreal Projects/Part2/Content/LevelPrototyping/Materials/MI_PrototypeGrid_TopDark.uexp" 1146
"../../../Engine/Content/Engine_MI_Shaders/T_Normal.uasset" 1147
"../../../Engine/Content/Engine_MI_Shaders/T_Normal.uexp" 1148
"../../../Engine/Content/Functions/Engine_MaterialFunctions01/Shading/PowerToRoughness.uasset" 1149
"../../../Engine/Content/Functions/Engine_MaterialFunctions01/Shading/PowerToRoughness.uexp" 1150
"../../../Engine/Content/Functions/Engine_MaterialFunctions01/Shading/ConvertFromDiffSpec.uasset" 1151
"../../../Engine/Content/Functions/Engine_MaterialFunctions01/Shading/ConvertFromDiffSpec.uexp" 1152
"../../../Engine/Content/Engine_MI_Shaders/T_Emissive.uasset" 1153
"../../../Engine/Content/Engine_MI_Shaders/T_Emissive.uexp" 1154
"../../../Engine/Content/Engine_MI_Shaders/T_Reflection.uasset" 1155
"../../../Engine/Content/Engine_MI_Shaders/T_Reflection.uexp" 1156
"../../../Engine/Content/EngineDebugMaterials/VertexPaint_2Tex_Color.uasset" 1157
"../../../Engine/Content/EngineDebugMaterials/VertexPaint_2Tex_Color.uexp" 1158
"../../../Engine/Content/EngineDebugMaterials/VertexColorViewMode_RedOnly.uasset" 1159
"../../../Engine/Content/EngineDebugMaterials/VertexColorViewMode_RedOnly.uexp" 1160
"../../../Engine/Content/EditorMaterials/WidgetMaterial_Z.uasset" 1161
"../../../Engine/Content/EditorMaterials/WidgetMaterial_Z.uexp" 1162
"../../../Engine/Content/EngineDebugMaterials/VertexColorViewMode_GreenOnly.uasset" 1163
"../../../Engine/Content/EngineDebugMaterials/VertexColorViewMode_GreenOnly.uexp" 1164
"C:/Users/gunne/Documents/Unreal Projects/Part2/Content/LevelPrototyping/Materials/M_Solid.uasset" 1165
"C:/Users/gunne/Documents/Unreal Projects/Part2/Content/LevelPrototyping/Materials/M_Solid.uexp" 1166
"C:/Users/gunne/Documents/Unreal Projects/Part2/Content/LevelPrototyping/Materials/MI_Solid_Blue.uasset" 1167
"C:/Users/gunne/Documents/Unreal Projects/Part2/Content/LevelPrototyping/Materials/MI_Solid_Blue.uexp" 1168
"C:/Users/gunne/Documents/Unreal Projects/Part2/Content/LevelPrototyping/Meshes/SM_ChamferCube.ubulk" 1169
"C:/Users/gunne/Documents/Unreal Projects/Part2/Content/LevelPrototyping/Meshes/SM_ChamferCube.uasset" 1170
"C:/Users/gunne/Documents/Unreal Projects/Part2/Content/LevelPrototyping/Meshes/SM_ChamferCube.uexp" 1171
"../../../Engine/Content/EngineMaterials/DefaultPhysicalMaterial.uasset" 1172
"../../../Engine/Content/EngineMaterials/DefaultPhysicalMaterial.uexp" 1173
"../../../Engine/Content/VREditor/BasicMeshes/T_CleanFloorGrunge_01_D.ubulk" 1174
"../../../Engine/Content/VREditor/BasicMeshes/T_CleanFloorGrunge_01_D.uasset" 1175
"../../../Engine/Content/VREditor/BasicMeshes/T_CleanFloorGrunge_01_D.uexp" 1176
"../../../Engine/Content/VREditor/BasicMeshes/M_Floor_01.uasset" 1177
"../../../Engine/Content/VREditor/BasicMeshes/M_Floor_01.uexp" 1178
"../../../Engine/Content/VREditor/BasicMeshes/MI_Floor_01.uasset" 1179
"../../../Engine/Content/VREditor/BasicMeshes/MI_Floor_01.uexp" 1180
"../../../Engine/Content/MapTemplates/Materials/BasicAsset02.uasset" 1181
"../../../Engine/Content/MapTemplates/Materials/BasicAsset02.uexp" 1182
"../../../Engine/Content/Tutorial/Mobile/TutorialAssets/android_Icon.uasset" 1183
"../../../Engine/Content/Tutorial/Mobile/TutorialAssets/android_Icon.uexp" 1184
"C:/Users/gunne/Documents/Unreal Projects/Part2/Content/ThirdPerson/Blueprints/Sprites/SPR_WhiteBoard.uasset" 1185
"C:/Users/gunne/Documents/Unreal Projects/Part2/Content/ThirdPerson/Blueprints/Sprites/SPR_WhiteBoard.uexp" 1186
"C:/Users/gunne/Documents/Unreal Projects/Part2/Content/ThirdPerson/Maps/Assets/AS_ComputerRoom/SM_Keyboard1.ubulk" 1187
"C:/Users/gunne/Documents/Unreal Projects/Part2/Content/ThirdPerson/Maps/Assets/AS_ComputerRoom/SM_Keyboard1.uasset" 1188
"C:/Users/gunne/Documents/Unreal Projects/Part2/Content/ThirdPerson/Maps/Assets/AS_ComputerRoom/SM_Keyboard1.uexp" 1189
"C:/Users/gunne/Documents/Unreal Projects/Part2/Content/ThirdPerson/Maps/Assets/Extra_Walls/Screen.uasset" 1190
"C:/Users/gunne/Documents/Unreal Projects/Part2/Content/ThirdPerson/Maps/Assets/Extra_Walls/Screen.uexp" 1191
"C:/Users/gunne/Documents/Unreal Projects/Part2/Content/ThirdPerson/Maps/Assets/Extra_Walls/Screen_Mat.uasset" 1192
"C:/Users/gunne/Documents/Unreal Projects/Part2/Content/ThirdPerson/Maps/Assets/Extra_Walls/Screen_Mat.uexp" 1193
"C:/Users/gunne/Documents/Unreal Projects/Part2/Content/ThirdPerson/Maps/_GENERATED/gunne/COMPUTERdemoscene_46_Submesh_05F06D7A.ubulk" 1194
"C:/Users/gunne/Documents/Unreal Projects/Part2/Content/ThirdPerson/Maps/_GENERATED/gunne/COMPUTERdemoscene_46_Submesh_05F06D7A.uasset" 1195
"C:/Users/gunne/Documents/Unreal Projects/Part2/Content/ThirdPerson/Maps/_GENERATED/gunne/COMPUTERdemoscene_46_Submesh_05F06D7A.uexp" 1196
"C:/Users/gunne/Documents/Unreal Projects/Part2/Content/ThirdPerson/Maps/Assets/AS_Jumpables/T_corkboard_1001_metallicRoughness.ubulk" 1197
"C:/Users/gunne/Documents/Unreal Projects/Part2/Content/ThirdPerson/Maps/Assets/AS_Jumpables/T_corkboard_1001_metallicRoughness.uasset" 1198
"C:/Users/gunne/Documents/Unreal Projects/Part2/Content/ThirdPerson/Maps/Assets/AS_Jumpables/T_corkboard_1001_metallicRoughness.uexp" 1199
"C:/Users/gunne/Documents/Unreal Projects/Part2/Content/ThirdPerson/Maps/Assets/AS_Jumpables/T_corkboard_1001_baseColor.ubulk" 1200
"C:/Users/gunne/Documents/Unreal Projects/Part2/Content/ThirdPerson/Maps/Assets/AS_Jumpables/T_corkboard_1001_baseColor.uasset" 1201
"C:/Users/gunne/Documents/Unreal Projects/Part2/Content/ThirdPerson/Maps/Assets/AS_Jumpables/T_corkboard_1001_baseColor.uexp" 1202
"C:/Users/gunne/Documents/Unreal Projects/Part2/Content/ThirdPerson/Maps/Assets/AS_Jumpables/T_corkboard_1001_normal.ubulk" 1203
"C:/Users/gunne/Documents/Unreal Projects/Part2/Content/ThirdPerson/Maps/Assets/AS_Jumpables/T_corkboard_1001_normal.uasset" 1204
"C:/Users/gunne/Documents/Unreal Projects/Part2/Content/ThirdPerson/Maps/Assets/AS_Jumpables/T_corkboard_1001_normal.uexp" 1205
"C:/Users/gunne/Documents/Unreal Projects/Part2/Content/ThirdPerson/Maps/Assets/AS_Jumpables/T_corkboard_1001_baseColor_Mat.uasset" 1206
"C:/Users/gunne/Documents/Unreal Projects/Part2/Content/ThirdPerson/Maps/Assets/AS_Jumpables/T_corkboard_1001_baseColor_Mat.uexp" 1207
"C:/Users/gunne/Documents/Unreal Projects/Part2/Content/ThirdPerson/Maps/Assets/AS_Jumpables/T_corkboard_1001.uasset" 1208
"C:/Users/gunne/Documents/Unreal Projects/Part2/Content/ThirdPerson/Maps/Assets/AS_Jumpables/T_corkboard_1001.uexp" 1209
"C:/Users/gunne/Documents/Unreal Projects/Part2/Content/ThirdPerson/Maps/Assets/AS_Jumpables/SM_CorkBoard.ubulk" 1210
"C:/Users/gunne/Documents/Unreal Projects/Part2/Content/ThirdPerson/Maps/Assets/AS_Jumpables/SM_CorkBoard.uasset" 1211
"C:/Users/gunne/Documents/Unreal Projects/Part2/Content/ThirdPerson/Maps/Assets/AS_Jumpables/SM_CorkBoard.uexp" 1212
"C:/Users/gunne/Documents/Unreal Projects/Part2/Content/ThirdPerson/Maps/Assets/AS_Jumpables/SM_CorkBoardTack.ubulk" 1213
"C:/Users/gunne/Documents/Unreal Projects/Part2/Content/ThirdPerson/Maps/Assets/AS_Jumpables/SM_CorkBoardTack.uasset" 1214
"C:/Users/gunne/Documents/Unreal Projects/Part2/Content/ThirdPerson/Maps/Assets/AS_Jumpables/SM_CorkBoardTack.uexp" 1215
"../../../Engine/Content/EngineDebugMaterials/HeatmapGradient.ubulk" 1216
"../../../Engine/Content/EngineDebugMaterials/HeatmapGradient.uasset" 1217
"../../../Engine/Content/EngineDebugMaterials/HeatmapGradient.uexp" 1218
"../../../Engine/Content/EngineDebugMaterials/BoneWeightMaterial.uasset" 1219
"../../../Engine/Content/EngineDebugMaterials/BoneWeightMaterial.uexp" 1220
"C:/Users/gunne/Documents/Unreal Projects/Part2/Content/ThirdPerson/Maps/Assets/AS_ComputerRoom/SM_Comp3.ubulk" 1221
"C:/Users/gunne/Documents/Unreal Projects/Part2/Content/ThirdPerson/Maps/Assets/AS_ComputerRoom/SM_Comp3.uasset" 1222
"C:/Users/gunne/Documents/Unreal Projects/Part2/Content/ThirdPerson/Maps/Assets/AS_ComputerRoom/SM_Comp3.uexp" 1223
"../../../Engine/Content/TemplateResources/MI_Template_BaseGray_Metal.uasset" 1224
"../../../Engine/Content/TemplateResources/MI_Template_BaseGray_Metal.uexp" 1225
"C:/Users/gunne/Documents/Unreal Projects/Part2/Content/ThirdPerson/Maps/_GENERATED/gunne/COMPUTERdemoscene_48_Submesh_2E1D05E2.ubulk" 1226
"C:/Users/gunne/Documents/Unreal Projects/Part2/Content/ThirdPerson/Maps/_GENERATED/gunne/COMPUTERdemoscene_48_Submesh_2E1D05E2.uasset" 1227
"C:/Users/gunne/Documents/Unreal Projects/Part2/Content/ThirdPerson/Maps/_GENERATED/gunne/COMPUTERdemoscene_48_Submesh_2E1D05E2.uexp" 1228
"C:/Users/gunne/Documents/Unreal Projects/Part2/Content/ThirdPerson/Maps/Assets/AS_ComputerRoom/SM_Chair3.ubulk" 1229
"C:/Users/gunne/Documents/Unreal Projects/Part2/Content/ThirdPerson/Maps/Assets/AS_ComputerRoom/SM_Chair3.uasset" 1230
"C:/Users/gunne/Documents/Unreal Projects/Part2/Content/ThirdPerson/Maps/Assets/AS_ComputerRoom/SM_Chair3.uexp" 1231
"C:/Users/gunne/Documents/Unreal Projects/Part2/Content/ThirdPerson/Maps/Assets/AS_ClassStuff/textures/Teachers_Table_metallicRoughness.ubulk" 1232
"C:/Users/gunne/Documents/Unreal Projects/Part2/Content/ThirdPerson/Maps/Assets/AS_ClassStuff/textures/Teachers_Table_metallicRoughness.uasset" 1233
"C:/Users/gunne/Documents/Unreal Projects/Part2/Content/ThirdPerson/Maps/Assets/AS_ClassStuff/textures/Teachers_Table_metallicRoughness.uexp" 1234
"C:/Users/gunne/Documents/Unreal Projects/Part2/Content/ThirdPerson/Maps/Assets/AS_ClassStuff/textures/Teachers_Table_baseColor.ubulk" 1235
"C:/Users/gunne/Documents/Unreal Projects/Part2/Content/ThirdPerson/Maps/Assets/AS_ClassStuff/textures/Teachers_Table_baseColor.uasset" 1236
"C:/Users/gunne/Documents/Unreal Projects/Part2/Content/ThirdPerson/Maps/Assets/AS_ClassStuff/textures/Teachers_Table_baseColor.uexp" 1237
"C:/Users/gunne/Documents/Unreal Projects/Part2/Content/ThirdPerson/Maps/Assets/AS_ClassStuff/textures/Teachers_Table_normal.ubulk" 1238
"C:/Users/gunne/Documents/Unreal Projects/Part2/Content/ThirdPerson/Maps/Assets/AS_ClassStuff/textures/Teachers_Table_normal.uasset" 1239
"C:/Users/gunne/Documents/Unreal Projects/Part2/Content/ThirdPerson/Maps/Assets/AS_ClassStuff/textures/Teachers_Table_normal.uexp" 1240
"C:/Users/gunne/Documents/Unreal Projects/Part2/Content/ThirdPerson/Maps/Assets/AS_ClassStuff/Material/Teachers_Table.uasset" 1241
"C:/Users/gunne/Documents/Unreal Projects/Part2/Content/ThirdPerson/Maps/Assets/AS_ClassStuff/Material/Teachers_Table.uexp" 1242
"C:/Users/gunne/Documents/Unreal Projects/Part2/Content/ThirdPerson/Maps/Assets/AS_ClassStuff/Static_Meshes/Teachers_Table_Teachers_Table_0.ubulk" 1243
"C:/Users/gunne/Documents/Unreal Projects/Part2/Content/ThirdPerson/Maps/Assets/AS_ClassStuff/Static_Meshes/Teachers_Table_Teachers_Table_0.uasset" 1244
"C:/Users/gunne/Documents/Unreal Projects/Part2/Content/ThirdPerson/Maps/Assets/AS_ClassStuff/Static_Meshes/Teachers_Table_Teachers_Table_0.uexp" 1245
"C:/Users/gunne/Documents/Unreal Projects/Part2/Content/ThirdPerson/Maps/Assets/Extra_Walls/Plane_264_normal.ubulk" 1246
"C:/Users/gunne/Documents/Unreal Projects/Part2/Content/ThirdPerson/Maps/Assets/Extra_Walls/Plane_264_normal.uasset" 1247
"C:/Users/gunne/Documents/Unreal Projects/Part2/Content/ThirdPerson/Maps/Assets/Extra_Walls/Plane_264_normal.uexp" 1248
"C:/Users/gunne/Documents/Unreal Projects/Part2/Content/ThirdPerson/Maps/Assets/Extra_Walls/Plane_264_color.ubulk" 1249
"C:/Users/gunne/Documents/Unreal Projects/Part2/Content/ThirdPerson/Maps/Assets/Extra_Walls/Plane_264_color.uasset" 1250
"C:/Users/gunne/Documents/Unreal Projects/Part2/Content/ThirdPerson/Maps/Assets/Extra_Walls/Plane_264_color.uexp" 1251
"C:/Users/gunne/Documents/Unreal Projects/Part2/Content/ThirdPerson/Maps/Assets/Extra_Walls/Plane_002.uasset" 1252
"C:/Users/gunne/Documents/Unreal Projects/Part2/Content/ThirdPerson/Maps/Assets/Extra_Walls/Plane_002.uexp" 1253
"C:/Users/gunne/Documents/Unreal Projects/Part2/Content/ThirdPerson/Maps/Assets/Extra_Walls/FLOOR_Class.ubulk" 1254
"C:/Users/gunne/Documents/Unreal Projects/Part2/Content/ThirdPerson/Maps/Assets/Extra_Walls/FLOOR_Class.uasset" 1255
"C:/Users/gunne/Documents/Unreal Projects/Part2/Content/ThirdPerson/Maps/Assets/Extra_Walls/FLOOR_Class.uexp" 1256
"C:/Users/gunne/Documents/Unreal Projects/Part2/Content/ThirdPerson/Maps/Assets/AS_ComputerRoom/SM_Comp2.ubulk" 1257
"C:/Users/gunne/Documents/Unreal Projects/Part2/Content/ThirdPerson/Maps/Assets/AS_ComputerRoom/SM_Comp2.uasset" 1258
"C:/Users/gunne/Documents/Unreal Projects/Part2/Content/ThirdPerson/Maps/Assets/AS_ComputerRoom/SM_Comp2.uexp" 1259
"C:/Users/gunne/Documents/Unreal Projects/Part2/Content/ThirdPerson/Maps/Assets/AS_ComputerRoom/SM_OldComp3.ubulk" 1260
"C:/Users/gunne/Documents/Unreal Projects/Part2/Content/ThirdPerson/Maps/Assets/AS_ComputerRoom/SM_OldComp3.uasset" 1261
"C:/Users/gunne/Documents/Unreal Projects/Part2/Content/ThirdPerson/Maps/Assets/AS_ComputerRoom/SM_OldComp3.uexp" 1262
"C:/Users/gunne/Documents/Unreal Projects/Part2/Content/ThirdPerson/Maps/Assets/AS_ComputerRoom/SM_Comp1.ubulk" 1263
"C:/Users/gunne/Documents/Unreal Projects/Part2/Content/ThirdPerson/Maps/Assets/AS_ComputerRoom/SM_Comp1.uasset" 1264
"C:/Users/gunne/Documents/Unreal Projects/Part2/Content/ThirdPerson/Maps/Assets/AS_ComputerRoom/SM_Comp1.uexp" 1265
"C:/Users/gunne/Documents/Unreal Projects/Part2/Content/ThirdPerson/Maps/Assets/AS_ComputerRoom/SM_Chair4.ubulk" 1266
"C:/Users/gunne/Documents/Unreal Projects/Part2/Content/ThirdPerson/Maps/Assets/AS_ComputerRoom/SM_Chair4.uasset" 1267
"C:/Users/gunne/Documents/Unreal Projects/Part2/Content/ThirdPerson/Maps/Assets/AS_ComputerRoom/SM_Chair4.uexp" 1268
"C:/Users/gunne/Documents/Unreal Projects/Part2/Content/ThirdPerson/Maps/_GENERATED/gunne/Boolean_FE93F00B.ubulk" 1269
"C:/Users/gunne/Documents/Unreal Projects/Part2/Content/ThirdPerson/Maps/_GENERATED/gunne/Boolean_FE93F00B.uasset" 1270
"C:/Users/gunne/Documents/Unreal Projects/Part2/Content/ThirdPerson/Maps/_GENERATED/gunne/Boolean_FE93F00B.uexp" 1271
"C:/Users/gunne/Documents/Unreal Projects/Part2/Content/ThirdPerson/Maps/Assets/Extra_Walls/wall3t_color.ubulk" 1272
"C:/Users/gunne/Documents/Unreal Projects/Part2/Content/ThirdPerson/Maps/Assets/Extra_Walls/wall3t_color.uasset" 1273
"C:/Users/gunne/Documents/Unreal Projects/Part2/Content/ThirdPerson/Maps/Assets/Extra_Walls/wall3t_color.uexp" 1274
"C:/Users/gunne/Documents/Unreal Projects/Part2/Content/ThirdPerson/Maps/Assets/Extra_Walls/wall3t_color_Mat.uasset" 1275
"C:/Users/gunne/Documents/Unreal Projects/Part2/Content/ThirdPerson/Maps/Assets/Extra_Walls/wall3t_color_Mat.uexp" 1276
"C:/Users/gunne/Documents/Unreal Projects/Part2/Content/ThirdPerson/Maps/Assets/Extra_Walls/wall3t1.uasset" 1277
"C:/Users/gunne/Documents/Unreal Projects/Part2/Content/ThirdPerson/Maps/Assets/Extra_Walls/wall3t1.uexp" 1278
"C:/Users/gunne/Documents/Unreal Projects/Part2/Content/ThirdPerson/Maps/Assets/Extra_Walls/wall_003.ubulk" 1279
"C:/Users/gunne/Documents/Unreal Projects/Part2/Content/ThirdPerson/Maps/Assets/Extra_Walls/wall_003.uasset" 1280
"C:/Users/gunne/Documents/Unreal Projects/Part2/Content/ThirdPerson/Maps/Assets/Extra_Walls/wall_003.uexp" 1281
"../../../Engine/Content/EngineDebugMaterials/VertexPaint_4Tex.uasset" 1282
"../../../Engine/Content/EngineDebugMaterials/VertexPaint_4Tex.uexp" 1283
"C:/Users/gunne/Documents/Unreal Projects/Part2/Content/ThirdPerson/Maps/Assets/AS_ComputerRoom/SM_USB_Lone.ubulk" 1284
"C:/Users/gunne/Documents/Unreal Projects/Part2/Content/ThirdPerson/Maps/Assets/AS_ComputerRoom/SM_USB_Lone.uasset" 1285
"C:/Users/gunne/Documents/Unreal Projects/Part2/Content/ThirdPerson/Maps/Assets/AS_ComputerRoom/SM_USB_Lone.uexp" 1286
"C:/Users/gunne/Documents/Unreal Projects/Part2/Content/ThirdPerson/Maps/Assets/AS_ComputerRoom/SM_Desktop1.ubulk" 1287
"C:/Users/gunne/Documents/Unreal Projects/Part2/Content/ThirdPerson/Maps/Assets/AS_ComputerRoom/SM_Desktop1.uasset" 1288
"C:/Users/gunne/Documents/Unreal Projects/Part2/Content/ThirdPerson/Maps/Assets/AS_ComputerRoom/SM_Desktop1.uexp" 1289
"C:/Users/gunne/Documents/Unreal Projects/Part2/Content/ThirdPerson/Maps/Assets/AS_ComputerRoom/SM_LongTable.ubulk" 1290
"C:/Users/gunne/Documents/Unreal Projects/Part2/Content/ThirdPerson/Maps/Assets/AS_ComputerRoom/SM_LongTable.uasset" 1291
"C:/Users/gunne/Documents/Unreal Projects/Part2/Content/ThirdPerson/Maps/Assets/AS_ComputerRoom/SM_LongTable.uexp" 1292
"C:/Users/gunne/Documents/Unreal Projects/Part2/Content/ThirdPerson/Maps/_GENERATED/gunne/Merge_41259FF0.ubulk" 1293
"C:/Users/gunne/Documents/Unreal Projects/Part2/Content/ThirdPerson/Maps/_GENERATED/gunne/Merge_41259FF0.uasset" 1294
"C:/Users/gunne/Documents/Unreal Projects/Part2/Content/ThirdPerson/Maps/_GENERATED/gunne/Merge_41259FF0.uexp" 1295
"C:/Users/gunne/Documents/Unreal Projects/Part2/Content/ThirdPerson/Maps/Assets/AS_ComputerRoom/SM_Chair2.ubulk" 1296
"C:/Users/gunne/Documents/Unreal Projects/Part2/Content/ThirdPerson/Maps/Assets/AS_ComputerRoom/SM_Chair2.uasset" 1297
"C:/Users/gunne/Documents/Unreal Projects/Part2/Content/ThirdPerson/Maps/Assets/AS_ComputerRoom/SM_Chair2.uexp" 1298
"C:/Users/gunne/Documents/Unreal Projects/Part2/Content/ThirdPerson/Maps/Assets/AS_ClassStuff/textures/Projector_normal.ubulk" 1299
"C:/Users/gunne/Documents/Unreal Projects/Part2/Content/ThirdPerson/Maps/Assets/AS_ClassStuff/textures/Projector_normal.uasset" 1300
"C:/Users/gunne/Documents/Unreal Projects/Part2/Content/ThirdPerson/Maps/Assets/AS_ClassStuff/textures/Projector_normal.uexp" 1301
"C:/Users/gunne/Documents/Unreal Projects/Part2/Content/ThirdPerson/Maps/Assets/AS_ClassStuff/textures/Projector_metallicRoughness.ubulk" 1302
"C:/Users/gunne/Documents/Unreal Projects/Part2/Content/ThirdPerson/Maps/Assets/AS_ClassStuff/textures/Projector_metallicRoughness.uasset" 1303
"C:/Users/gunne/Documents/Unreal Projects/Part2/Content/ThirdPerson/Maps/Assets/AS_ClassStuff/textures/Projector_metallicRoughness.uexp" 1304
"C:/Users/gunne/Documents/Unreal Projects/Part2/Content/ThirdPerson/Maps/Assets/AS_ClassStuff/textures/Projector_baseColor.ubulk" 1305
"C:/Users/gunne/Documents/Unreal Projects/Part2/Content/ThirdPerson/Maps/Assets/AS_ClassStuff/textures/Projector_baseColor.uasset" 1306
"C:/Users/gunne/Documents/Unreal Projects/Part2/Content/ThirdPerson/Maps/Assets/AS_ClassStuff/textures/Projector_baseColor.uexp" 1307
"C:/Users/gunne/Documents/Unreal Projects/Part2/Content/ThirdPerson/Maps/Assets/AS_ClassStuff/textures/Projector_baseColor_Mat.uasset" 1308
"C:/Users/gunne/Documents/Unreal Projects/Part2/Content/ThirdPerson/Maps/Assets/AS_ClassStuff/textures/Projector_baseColor_Mat.uexp" 1309
"C:/Users/gunne/Documents/Unreal Projects/Part2/Content/ThirdPerson/Maps/Assets/AS_ClassStuff/Material/Projector.uasset" 1310
"C:/Users/gunne/Documents/Unreal Projects/Part2/Content/ThirdPerson/Maps/Assets/AS_ClassStuff/Material/Projector.uexp" 1311
"C:/Users/gunne/Documents/Unreal Projects/Part2/Content/ThirdPerson/Maps/Assets/AS_ClassStuff/Static_Meshes/Projector_Projector_0.ubulk" 1312
"C:/Users/gunne/Documents/Unreal Projects/Part2/Content/ThirdPerson/Maps/Assets/AS_ClassStuff/Static_Meshes/Projector_Projector_0.uasset" 1313
"C:/Users/gunne/Documents/Unreal Projects/Part2/Content/ThirdPerson/Maps/Assets/AS_ClassStuff/Static_Meshes/Projector_Projector_0.uexp" 1314
"../../../Engine/Content/MaterialTemplates/PerfTricks/M_ContrastUsingLerp.uasset" 1315
"../../../Engine/Content/MaterialTemplates/PerfTricks/M_ContrastUsingLerp.uexp" 1316
"../../../Engine/Content/EditorMaterials/WidgetMaterial_Y.uasset" 1317
"../../../Engine/Content/EditorMaterials/WidgetMaterial_Y.uexp" 1318
"C:/Users/gunne/Documents/Unreal Projects/Part2/Content/ThirdPerson/Maps/_GENERATED/gunne/Merge_1045105D.ubulk" 1319
"C:/Users/gunne/Documents/Unreal Projects/Part2/Content/ThirdPerson/Maps/_GENERATED/gunne/Merge_1045105D.uasset" 1320
"C:/Users/gunne/Documents/Unreal Projects/Part2/Content/ThirdPerson/Maps/_GENERATED/gunne/Merge_1045105D.uexp" 1321
"C:/Users/gunne/Documents/Unreal Projects/Part2/Content/ThirdPerson/Maps/Assets/AS_ComputerRoom/SM_Chair1.ubulk" 1322
"C:/Users/gunne/Documents/Unreal Projects/Part2/Content/ThirdPerson/Maps/Assets/AS_ComputerRoom/SM_Chair1.uasset" 1323
"C:/Users/gunne/Documents/Unreal Projects/Part2/Content/ThirdPerson/Maps/Assets/AS_ComputerRoom/SM_Chair1.uexp" 1324
"C:/Users/gunne/Documents/Unreal Projects/Part2/Content/ThirdPerson/Maps/Assets/AS_ComputerRoom/SM_Mouse1.ubulk" 1325
"C:/Users/gunne/Documents/Unreal Projects/Part2/Content/ThirdPerson/Maps/Assets/AS_ComputerRoom/SM_Mouse1.uasset" 1326
"C:/Users/gunne/Documents/Unreal Projects/Part2/Content/ThirdPerson/Maps/Assets/AS_ComputerRoom/SM_Mouse1.uexp" 1327
"C:/Users/gunne/Documents/Unreal Projects/Part2/Content/ThirdPerson/Maps/Assets/AS_ComputerRoom/SM_USB_Back.ubulk" 1328
"C:/Users/gunne/Documents/Unreal Projects/Part2/Content/ThirdPerson/Maps/Assets/AS_ComputerRoom/SM_USB_Back.uasset" 1329
"C:/Users/gunne/Documents/Unreal Projects/Part2/Content/ThirdPerson/Maps/Assets/AS_ComputerRoom/SM_USB_Back.uexp" 1330
"C:/Users/gunne/Documents/Unreal Projects/Part2/Content/ThirdPerson/Blueprints/GAME_MODES/BP_ThirdPersonGameMode.uasset" 1331
"C:/Users/gunne/Documents/Unreal Projects/Part2/Content/ThirdPerson/Blueprints/GAME_MODES/BP_ThirdPersonGameMode.uexp" 1332
"C:/Users/gunne/Documents/Unreal Projects/Part2/Content/ThirdPerson/Maps/ThirdPersonMap_NEW.uexp" 1333
"C:/Users/gunne/Documents/Unreal Projects/Part2/Content/ThirdPerson/Maps/ThirdPersonMap_NEW.umap" 1334
"../../../Engine/Content/Maps/Entry_BuiltData.uasset" 1335
"../../../Engine/Content/Maps/Entry_BuiltData.uexp" 1336
"../../../Engine/Content/Maps/Entry.uexp" 1337
"../../../Engine/Content/Maps/Entry.umap" 1338
